"CNK","CODEUNITEQUANTITE"
"0579219",0
"0588954",0
"0511642",0
"0535062",0
"0554022",0
"0567396",0
"0501890",0
"0554386",1
"0567172",1
"0567180",1
"0571695",0
"0571711",0
"0571729",0
"0571737",0
"0571745",0
"0571794",0
"0571802",0
"0571844",0
"0571851",0
"0571885",0
"0571893",0
"0571919",0
"0571927",0
"0571935",0
"0571943",0
"0571141",0
"0571158",8
"0571166",0
"0571174",0
"0571182",0
"0571190",0
"0571232",0
"0571240",0
"0571257",0
"0571273",0
"0571299",0
"0571315",0
"0571323",0
"0571331",0
"0571349",0
"0571356",0
"0571364",0
"0571380",0
"0571398",0
"0571406",0
"0571414",8
"0571422",0
"0571430",0
"0571448",0
"0571455",0
"0571463",0
"0571471",0
"0571497",0
"0571505",0
"0571513",0
"0571521",0
"0571539",0
"0571547",0
"0571554",0
"0571562",0
"0571570",0
"0571588",0
"0571604",8
"0571612",0
"0571620",0
"0571638",0
"0571646",0
"0571653",0
"0571661",0
"0571679",0
"0571687",0
"0575795",0
"0575878",0
"0576181",0
"0576199",0
"0576207",0
"0576256",0
"0573782",0
"0572487",0
"0572495",0
"0572503",0
"0572511",0
"0572529",0
"0572545",0
"0572552",0
"0572560",0
"0572578",0
"0572586",0
"0572594",0
"0572636",0
"0572644",0
"0572651",0
"0572669",0
"0572685",0
"0572693",0
"0572701",0
"0572719",0
"0572727",0
"0572743",0
"0572750",0
"0572768",0
"0572776",0
"0572784",0
"0572800",0
"0572818",0
"0572826",0
"0572842",0
"0572859",0
"0572867",0
"0572875",0
"0572883",0
"0572909",0
"0572917",0
"0572933",0
"0572941",0
"0572990",0
"0573006",0
"0573014",0
"0573089",0
"0573139",0
"0573550",0
"0573576",8
"0573584",8
"0573592",8
"0573600",8
"0573618",8
"0573626",8
"0573634",8
"0573642",8
"0573667",0
"0573675",0
"0573683",0
"0573691",0
"0573709",0
"0573717",0
"0573725",8
"0573733",0
"0573741",0
"0573766",8
"0573774",8
"0572479",0
"0571109",0
"0571117",0
"0571125",0
"0571133",0
"0574186",0
"0574194",0
"0574285",0
"0574327",0
"0574335",0
"0574343",0
"0574368",0
"0574384",0
"0574392",0
"0574418",0
"0574467",0
"0574509",0
"0574590",0
"0575001",8
"0575019",8
"0575027",8
"0575068",8
"0575076",8
"0575084",8
"0575092",8
"0575100",8
"0575118",8
"0575126",8
"0575217",0
"0575316",0
"0575621",0
"0575662",0
"0575720",0
"0576942",0
"0577205",0
"0577213",0
"0577221",0
"0577551",0
"0577916",0
"0578120",0
"0578369",0
"0578609",0
"0578872",0
"0578880",0
"0579045",0
"0579052",0
"0579425",0
"0582502",0
"0582510",0
"0582528",0
"0582544",0
"0582791",0
"0582858",0
"0582882",0
"0582908",0
"0583138",0
"0583187",0
"0583203",0
"0583336",0
"0583344",0
"0583492",0
"0584003",0
"0584201",0
"0584219",0
"0584227",0
"0584235",0
"0584631",0
"0584938",0
"0585109",0
"0585471",0
"0585489",0
"0586586",0
"0586594",0
"0586610",0
"0586628",0
"0586636",0
"0586669",0
"0586743",0
"0586750",0
"0586768",0
"0586776",0
"0586818",0
"0586826",0
"0586834",0
"0576546",0
"0586842",0
"0586859",0
"0573790",8
"0573808",8
"0573816",8
"0573824",0
"0573840",0
"0573857",8
"0573865",8
"0573873",8
"0569715",1
"0573881",8
"0573899",8
"0573907",8
"0573915",8
"0573923",0
"0573931",0
"0573949",0
"0573956",8
"0573964",0
"0573972",8
"0573980",8
"0573998",8
"0574004",0
"0574012",8
"0574020",8
"0574038",8
"0574046",8
"0574053",8
"0574061",8
"0574087",8
"0574095",8
"0574103",8
"0574111",8
"0574129",0
"0574137",0
"0574145",0
"0574152",8
"0574160",8
"0574178",0
"0588343",0
"0588368",0
"0588376",0
"0588384",0
"0588392",0
"0588400",0
"0588418",0
"0588426",0
"0588434",0
"0588442",0
"0588459",0
"0588467",0
"0588483",0
"0588491",0
"0588509",0
"0588517",0
"0588525",0
"0588533",0
"0588541",0
"0588558",0
"0588566",0
"0588574",0
"0588822",0
"0588830",0
"0588848",0
"0588863",0
"0588871",0
"0588889",0
"0588897",0
"0588905",0
"0588913",0
"0588921",0
"0588939",0
"0590000",1
"0590018",8
"0587857",0
"0586941",0
"0586958",0
"0586966",0
"0586982",0
"0587063",0
"0587071",0
"0587089",0
"0587105",0
"0587113",0
"0587121",0
"0587139",0
"0587147",0
"0587154",0
"0587162",0
"0587170",0
"0587188",0
"0587196",0
"0587204",0
"0587220",0
"0587238",0
"0587246",0
"0587253",0
"0587261",0
"0587279",0
"0587287",0
"0587295",0
"0587303",0
"0587311",0
"0587337",0
"0587345",0
"0587352",0
"0587360",0
"0587378",0
"0587386",0
"0587394",0
"0587402",0
"0587428",0
"0587436",0
"0587444",0
"0587469",0
"0587477",0
"0587485",0
"0587493",0
"0587501",0
"0587519",0
"0587527",0
"0587535",0
"0587543",0
"0587550",0
"0587584",0
"0587592",0
"0587600",0
"0587618",0
"0587626",0
"0587634",0
"0587642",0
"0587659",0
"0587667",0
"0587675",0
"0587683",0
"0587691",0
"0587709",0
"0587725",0
"0587733",0
"0587741",0
"0587758",0
"0587766",0
"0587774",0
"0587782",0
"0587790",0
"0587808",0
"0587816",0
"0587824",0
"0587840",0
"0586925",0
"0576793",0
"0588277",0
"0588285",0
"0588293",0
"0588301",0
"0588319",0
"0588327",0
"0588335",0
"0590174",8
"0590190",0
"0590208",8
"0590216",0
"0590224",0
"0590232",0
"0590240",0
"0590257",0
"0590265",0
"0590273",0
"0590299",0
"0590307",0
"0590331",0
"0590356",0
"0590364",0
"0590372",8
"0590380",0
"0590398",0
"0590406",0
"0590414",0
"0590422",0
"0590448",0
"0590521",8
"0590687",0
"0590794",8
"0590836",8
"0590927",0
"0590976",8
"0591008",0
"0591248",8
"0591479",0
"0591552",8
"0591677",0
"0591685",0
"0591693",0
"0591909",8
"0591958",8
"0591966",0
"0591974",8
"0592121",0
"0592139",8
"0592147",8
"0592154",8
"0592527",8
"0592543",0
"0592584",8
"0592816",8
"0592824",8
"0592915",0
"0592956",8
"0593046",8
"0593228",0
"0593442",0
"0593475",8
"0593780",0
"0593814",0
"0593822",0
"0593830",0
"0593848",0
"0593855",8
"0590026",8
"0587865",0
"0587873",0
"0587881",0
"0587899",0
"0587915",0
"0587923",0
"0587949",0
"0587964",0
"0587980",0
"0588004",0
"0588012",0
"0588020",0
"0588038",0
"0588046",0
"0588061",0
"0588079",0
"0588087",0
"0588095",0
"0588103",0
"0588111",0
"0588129",0
"0588137",0
"0588145",0
"0588152",0
"0588160",0
"0588178",0
"0588186",0
"0588194",0
"0588202",0
"0588210",0
"0588228",0
"0588236",0
"0588244",0
"0588251",0
"0588269",0
"0569749",1
"0569756",1
"0569764",1
"0569772",1
"0569798",1
"0569806",1
"0569814",0
"0569830",1
"0569848",1
"0569855",1
"0590034",8
"0590042",8
"0590059",8
"0590067",8
"0590075",8
"0590091",8
"0590109",8
"0590117",8
"0590125",8
"0590133",8
"0590141",8
"0590158",0
"0590166",8
"0570507",0
"0570515",0
"0570523",0
"0570549",0
"0570556",0
"0570564",0
"0570572",0
"0570580",0
"0570598",0
"0570606",0
"0570614",0
"0570622",0
"0570630",0
"0570648",0
"0570663",0
"0570671",0
"0570689",0
"0570697",0
"0570705",0
"0570713",0
"0570721",0
"0570739",0
"0570747",0
"0570754",0
"0570770",0
"0570788",0
"0570796",0
"0570804",0
"0570812",0
"0570820",0
"0570838",0
"0570846",0
"0570853",0
"0570861",0
"0570879",0
"0570895",0
"0570903",0
"0570911",0
"0570929",0
"0570937",8
"0570945",0
"0570952",0
"0570960",0
"0570978",0
"0570986",0
"0570994",0
"0571026",0
"0571034",0
"0571042",0
"0571059",0
"0571067",0
"0571075",0
"0571083",0
"0570259",0
"0569426",0
"0569434",0
"0569442",0
"0569467",0
"0569475",0
"0569483",0
"0569525",0
"0569533",0
"0569541",0
"0569558",0
"0569574",0
"0569582",0
"0569590",0
"0569616",8
"0569632",0
"0569640",8
"0569657",8
"0569665",8
"0569673",8
"0569681",8
"0569699",8
"0569707",0
"0559633",0
"0559641",0
"0559658",0
"0559674",0
"0559682",0
"0559690",0
"0559708",8
"0559716",0
"0559724",0
"0560268",0
"0560276",0
"0560284",0
"0560292",0
"0560425",0
"0560433",0
"0558312",0
"0558320",0
"0558338",0
"0558346",0
"0558361",0
"0558379",0
"0558387",0
"0558395",0
"0558403",8
"0558437",0
"0558445",0
"0558478",8
"0558486",0
"0558494",8
"0558510",0
"0558536",8
"0558544",0
"0558551",8
"0558569",0
"0558577",8
"0558585",0
"0558593",8
"0558601",0
"0558635",0
"0558650",0
"0558668",0
"0558676",0
"0558684",0
"0558692",0
"0558700",0
"0558718",0
"0558726",8
"0558742",0
"0558759",0
"0558791",0
"0558809",0
"0558841",0
"0558858",0
"0558866",0
"0558874",0
"0558882",0
"0558890",0
"0557942",0
"0554956",0
"0554972",0
"0554980",0
"0554998",0
"0555003",0
"0555011",0
"0555029",0
"0555037",0
"0555045",0
"0555052",0
"0555078",0
"0555094",1
"0555102",1
"0555524",0
"0555581",0
"0555672",0
"0555722",0
"0555748",0
"0555789",0
"0555995",0
"0556035",0
"0556142",0
"0556316",0
"0556407",0
"0556456",0
"0557058",0
"0557066",0
"0557272",0
"0557306",0
"0557314",0
"0557322",0
"0557330",0
"0557355",0
"0557363",0
"0557371",0
"0557389",0
"0557397",0
"0559757",8
"0559765",0
"0559773",8
"0559781",0
"0559799",0
"0559823",8
"0559831",0
"0558908",8
"0559849",0
"0559856",8
"0557959",0
"0557967",0
"0557975",0
"0557983",0
"0558007",0
"0558049",0
"0558056",0
"0558064",0
"0558072",0
"0558080",0
"0558098",0
"0558106",0
"0558114",0
"0558122",0
"0558130",0
"0558155",0
"0558163",0
"0558171",0
"0558189",0
"0558197",0
"0558205",0
"0558213",0
"0558221",0
"0558239",0
"0558247",0
"0558262",0
"0558270",0
"0558288",0
"0558296",0
"0558304",0
"0554360",8
"0554378",8
"0554394",0
"0554402",1
"0554410",1
"0554436",0
"0554444",0
"0554451",0
"0554469",8
"0554477",0
"0554485",0
"0554501",0
"0554519",0
"0554527",0
"0554535",0
"0554543",0
"0554576",0
"0554584",0
"0554592",0
"0554600",0
"0554618",0
"0554626",0
"0554634",8
"0554659",0
"0554683",0
"0554709",0
"0554725",0
"0554733",0
"0554741",0
"0554766",0
"0554774",0
"0554782",0
"0554790",0
"0554808",0
"0554816",0
"0554824",0
"0554840",0
"0554857",0
"0554865",0
"0554873",0
"0554881",0
"0554899",0
"0554907",0
"0554915",0
"0554923",0
"0554931",0
"0554063",0
"0553131",8
"0553149",0
"0553156",8
"0553164",0
"0553222",8
"0553230",0
"0553248",0
"0553255",0
"0553263",0
"0553271",0
"0553289",0
"0553305",8
"0553313",0
"0553321",8
"0559740",0
"0557447",0
"0557462",0
"0557488",0
"0557496",0
"0557504",0
"0557546",0
"0557561",0
"0557579",0
"0557587",0
"0557595",0
"0557603",0
"0557611",0
"0557629",0
"0557645",0
"0557660",0
"0557678",0
"0557694",0
"0557702",0
"0557777",0
"0557793",0
"0557819",0
"0557827",0
"0557843",0
"0557876",0
"0557884",0
"0557900",0
"0557918",0
"0554949",0
"0557934",0
"0554071",0
"0554089",0
"0554097",0
"0554105",8
"0554113",0
"0554121",0
"0554139",8
"0554147",0
"0554162",0
"0587576",0
"0554170",0
"0554188",8
"0554196",0
"0554204",8
"0554212",0
"0554220",0
"0554238",8
"0554253",0
"0554261",0
"0554279",8
"0554287",8
"0554295",0
"0554303",8
"0554311",0
"0554329",8
"0554337",0
"0554345",0
"0554352",8
"0552372",0
"0552380",0
"0552406",0
"0552414",0
"0552422",0
"0552430",0
"0552448",0
"0552463",0
"0552471",0
"0552489",0
"0552497",0
"0552505",0
"0552554",0
"0552562",0
"0552570",0
"0552588",0
"0552612",0
"0552638",0
"0552687",0
"0552695",0
"0552703",0
"0552737",0
"0552752",0
"0552786",0
"0552802",0
"0552810",0
"0552828",0
"0552836",0
"0552869",0
"0552877",0
"0552885",0
"0552893",0
"0552901",0
"0552927",0
"0552935",0
"0552943",0
"0552950",0
"0552968",0
"0552976",0
"0552984",0
"0552992",0
"0553016",0
"0553024",0
"0557413",0
"0557421",0
"0557439",0
"0553420",8
"0553438",0
"0553453",8
"0553461",8
"0553479",0
"0553487",0
"0553495",8
"0553511",0
"0553529",8
"0553537",8
"0553545",0
"0553552",8
"0553560",0
"0553578",0
"0553594",8
"0553602",8
"0553610",8
"0553636",0
"0553644",8
"0553669",8
"0553677",8
"0553685",8
"0553693",0
"0553701",0
"0553719",8
"0553727",8
"0553735",0
"0553743",0
"0553776",8
"0553784",0
"0553792",8
"0553800",8
"0553818",0
"0553826",0
"0553834",0
"0553842",0
"0553859",0
"0553867",8
"0553883",0
"0553891",0
"0553909",8
"0553917",8
"0553925",0
"0553933",0
"0553941",0
"0553958",8
"0553966",0
"0553974",0
"0553982",0
"0553990",0
"0569731",1
"0565929",8
"0565937",8
"0565945",8
"0565952",8
"0565960",8
"0565978",8
"0565986",8
"0565994",0
"0566000",0
"0571950",0
"0572321",0
"0572339",0
"0572412",0
"0572420",0
"0572438",0
"0572453",0
"0572461",0
"0571091",0
"0570267",0
"0570275",0
"0570283",0
"0570291",0
"0570317",0
"0570325",0
"0570333",0
"0570341",0
"0570358",0
"0570366",8
"0570374",0
"0570382",0
"0570390",0
"0570408",0
"0570416",0
"0570432",0
"0570440",0
"0570465",0
"0570473",0
"0570481",0
"0570499",0
"0566869",8
"0566877",8
"0566885",8
"0566893",8
"0566919",0
"0566935",8
"0566943",8
"0566950",8
"0566968",8
"0566976",8
"0566984",0
"0566992",0
"0567057",0
"0567065",0
"0567073",8
"0567081",8
"0567107",0
"0567115",8
"0567123",8
"0567131",8
"0567149",8
"0567164",8
"0567198",0
"0567206",0
"0567214",0
"0567230",0
"0567248",0
"0567271",0
"0567289",0
"0567297",0
"0567545",0
"0567560",0
"0567586",0
"0567610",0
"0568063",0
"0568097",0
"0568139",0
"0568949",0
"0568956",0
"0568964",0
"0568972",0
"0568998",0
"0569004",0
"0569178",0
"0569186",0
"0569194",0
"0569202",0
"0569327",0
"0569335",0
"0569343",0
"0569368",0
"0569376",0
"0569384",0
"0569392",0
"0569400",0
"0566679",8
"0565838",8
"0565853",8
"0565861",8
"0565879",8
"0565887",8
"0565895",8
"0565903",8
"0565911",8
"0565556",0
"0565564",8
"0565572",8
"0565580",8
"0565606",8
"0565614",8
"0569863",1
"0569871",1
"0569889",1
"0569897",1
"0569905",1
"0569913",1
"0569921",1
"0569939",1
"0569947",1
"0569954",1
"0569962",1
"0569970",8
"0569988",1
"0569996",1
"0570002",0
"0570010",0
"0570028",0
"0570036",0
"0570044",0
"0570069",0
"0570077",0
"0570085",0
"0570093",0
"0570119",0
"0570127",0
"0570184",0
"0570192",0
"0570200",1
"0570218",1
"0570234",0
"0569418",0
"0570242",0
"0566687",8
"0566695",0
"0566703",0
"0566711",8
"0566729",0
"0566737",0
"0566745",0
"0566752",8
"0566778",8
"0566786",8
"0566794",8
"0566802",8
"0566810",8
"0566836",8
"0566844",8
"0566851",8
"0564989",0
"0564997",0
"0565002",0
"0565028",0
"0565036",0
"0565044",0
"0565051",0
"0565069",0
"0565077",0
"0565085",0
"0565093",8
"0565101",0
"0565119",0
"0565135",0
"0565150",0
"0565176",0
"0565184",0
"0565192",0
"0565200",0
"0565218",0
"0565226",0
"0565234",0
"0565242",0
"0565267",0
"0565275",0
"0565283",0
"0565291",0
"0565309",0
"0565317",0
"0565325",0
"0565333",0
"0565341",0
"0565358",0
"0565382",8
"0565390",8
"0565408",8
"0565416",8
"0565424",8
"0565432",8
"0565457",8
"0565465",8
"0565473",0
"0565481",8
"0565507",8
"0565515",0
"0565523",8
"0565531",8
"0565549",8
"0562892",0
"0562900",0
"0562918",0
"0562926",0
"0562934",0
"0566018",0
"0566034",8
"0566042",8
"0566059",8
"0566067",8
"0566075",8
"0566083",8
"0566091",8
"0566109",8
"0566117",8
"0566125",8
"0566133",8
"0566158",8
"0566166",8
"0566174",8
"0566182",8
"0566190",8
"0566208",8
"0566216",8
"0566224",0
"0566232",0
"0566240",8
"0566257",0
"0566265",8
"0566273",8
"0566281",8
"0566299",8
"0566315",0
"0566323",8
"0566331",8
"0566349",8
"0566356",8
"0566364",8
"0566372",8
"0566380",8
"0566398",8
"0566406",8
"0566414",8
"0566422",8
"0566448",8
"0566455",8
"0566463",8
"0566471",8
"0566489",8
"0566497",0
"0566505",0
"0566513",8
"0566521",8
"0566539",8
"0566547",8
"0566562",8
"0566570",0
"0566588",0
"0566596",8
"0566604",0
"0566612",8
"0566620",8
"0566638",8
"0566646",8
"0566653",8
"0566661",8
"0564955",0
"0564963",0
"0564971",0
"0564641",0
"0564674",0
"0564732",0
"0564856",0
"0564864",0
"0564872",0
"0564880",8
"0564898",8
"0564914",0
"0564922",0
"0563437",0
"0564930",0
"0562454",0
"0562470",0
"0562488",0
"0562496",0
"0562504",0
"0562512",0
"0562538",0
"0562553",0
"0562561",0
"0562579",0
"0562603",0
"0562611",0
"0562645",0
"0562686",0
"0562744",0
"0562751",0
"0562801",0
"0562819",0
"0562835",0
"0562850",8
"0562876",0
"0562884",0
"0560250",0
"0565622",0
"0565630",8
"0565648",8
"0565663",8
"0565671",8
"0565689",8
"0565697",8
"0565705",0
"0565713",8
"0565721",0
"0565739",8
"0565747",0
"0565754",8
"0565762",8
"0565788",8
"0565796",8
"0565804",0
"0564948",0
"0565812",8
"0563445",0
"0563452",0
"0563460",0
"0563601",0
"0563650",0
"0563668",0
"0563676",0
"0563692",0
"0563718",0
"0563726",0
"0563734",0
"0563742",0
"0563759",0
"0563767",8
"0563775",0
"0563791",8
"0563809",8
"0546887",0
"0546903",0
"0546911",0
"0563825",8
"0563833",8
"0563841",0
"0563858",0
"0563866",0
"0563874",0
"0563882",0
"0563890",0
"0563908",1
"0563916",0
"0563924",8
"0563932",8
"0563940",0
"0563957",8
"0563965",8
"0563981",0
"0563999",0
"0564054",0
"0564088",0
"0564120",0
"0564138",0
"0564146",0
"0564153",0
"0564187",0
"0564203",8
"0564211",0
"0564229",8
"0564245",0
"0564252",0
"0564260",8
"0564278",8
"0564286",0
"0564294",8
"0564302",8
"0564310",8
"0564328",8
"0564336",8
"0564351",0
"0564401",0
"0564419",0
"0564427",0
"0564435",0
"0564443",0
"0564450",0
"0564567",0
"0564575",0
"0562959",0
"0562967",0
"0562975",0
"0563007",0
"0563015",0
"0563023",0
"0563031",0
"0563049",0
"0563056",0
"0563064",0
"0563072",0
"0563080",0
"0563098",0
"0563114",0
"0563122",0
"0563130",0
"0563148",0
"0563155",0
"0563163",0
"0563171",8
"0563189",0
"0563197",0
"0563213",0
"0563221",0
"0563247",0
"0563254",0
"0563262",0
"0563270",0
"0563288",0
"0563296",0
"0563304",0
"0563312",0
"0563320",0
"0563338",0
"0563353",0
"0563361",0
"0563379",0
"0563387",0
"0562447",0
"0563395",0
"0563403",0
"0561027",0
"0561076",0
"0561118",0
"0561142",0
"0561167",0
"0561175",0
"0561183",0
"0561191",0
"0561209",0
"0561217",0
"0561258",0
"0561282",0
"0561290",0
"0561332",0
"0561357",0
"0561365",0
"0561449",0
"0561456",0
"0561464",0
"0561480",0
"0561548",0
"0561555",0
"0561589",0
"0561621",0
"0561647",0
"0561662",0
"0561670",0
"0561688",0
"0561712",0
"0561720",0
"0561746",0
"0561753",0
"0561761",0
"0561829",0
"0561969",0
"0561993",0
"0562009",0
"0562058",0
"0562066",0
"0562074",0
"0562082",0
"0562090",0
"0562108",0
"0562116",0
"0562132",0
"0562157",0
"0562207",0
"0562231",8
"0562256",0
"0562264",0
"0562272",0
"0562280",8
"0562298",0
"0562306",0
"0562314",0
"0562355",0
"0562363",0
"0562371",0
"0562389",0
"0562397",0
"0562405",0
"0561001",0
"0562413",0
"0562439",0
"0559880",0
"0559898",0
"0559914",0
"0559922",0
"0559930",0
"0559948",0
"0559955",0
"0559963",8
"0559971",8
"0559989",0
"0559997",0
"0560144",0
"0559732",8
"0562942",0
"0560227",0
"0560235",0
"0560243",0
"0560607",0
"0560797",0
"0560805",0
"0560813",0
"0560839",0
"0560854",0
"0560862",0
"0560870",0
"0560888",0
"0560896",0
"0560912",0
"0560938",0
"0560953",0
"0560979",0
"0559872",0
"0560995",0
"0558916",0
"0558924",0
"0558932",0
"0558940",0
"0558957",0
"0558965",0
"0558973",8
"0558981",0
"0558999",8
"0559088",0
"0559096",0
"0559104",0
"0559112",0
"0559138",0
"0559146",0
"0559161",0
"0559187",0
"0559195",0
"0559203",8
"0559229",0
"0559237",0
"0559245",0
"0559252",8
"0559260",0
"0559278",0
"0559302",0
"0559328",0
"0559336",0
"0559351",8
"0559369",0
"0559385",0
"0559393",0
"0559401",8
"0559419",0
"0559427",0
"0559435",0
"0559443",0
"0559450",0
"0559468",0
"0559476",8
"0559492",8
"0559518",0
"0559526",0
"0559534",8
"0559542",0
"0559559",8
"0559567",0
"0559575",8
"0559583",0
"0559591",8
"0559625",0
"0542662",0
"0542704",0
"0542712",0
"0542746",0
"0542753",0
"0542761",0
"0542779",0
"0542787",0
"0542795",0
"0542803",0
"0542829",0
"0542837",8
"0542845",0
"0542852",0
"0542860",0
"0542878",0
"0542886",0
"0542894",0
"0542902",0
"0542910",0
"0542928",0
"0542944",0
"0542951",0
"0542969",8
"0542977",8
"0542985",0
"0542993",0
"0543009",1
"0543017",0
"0543025",1
"0543033",0
"0543041",0
"0541250",1
"0541268",0
"0541276",8
"0541284",0
"0541292",0
"0541300",0
"0541318",0
"0541326",0
"0541334",8
"0541342",8
"0541367",0
"0541375",0
"0541383",0
"0541391",0
"0541409",0
"0541425",0
"0541433",8
"0541441",8
"0541458",8
"0543751",0
"0543785",0
"0543819",0
"0543827",0
"0543835",0
"0543850",0
"0543868",0
"0543884",0
"0543892",8
"0543900",8
"0543926",0
"0543934",0
"0543959",0
"0543967",0
"0543975",0
"0543983",0
"0543991",0
"0544015",0
"0544023",0
"0544031",0
"0542068",0
"0542084",8
"0542100",8
"0542118",0
"0542126",8
"0542134",0
"0542142",8
"0542159",8
"0542167",0
"0542191",0
"0542209",0
"0542217",0
"0542241",8
"0542266",0
"0542308",0
"0542316",0
"0542324",0
"0542332",0
"0542340",0
"0542357",0
"0542365",0
"0542373",0
"0542381",0
"0542415",0
"0542423",0
"0542431",0
"0542449",0
"0542456",0
"0542464",0
"0542472",0
"0542506",0
"0542522",0
"0542548",0
"0542571",0
"0542589",0
"0542605",0
"0542613",0
"0542621",0
"0542639",0
"0541664",0
"0540815",0
"0554006",0
"0554014",0
"0553115",0
"0530550",0
"0554048",0
"0554055",0
"0552141",0
"0552158",0
"0552166",0
"0552182",0
"0552208",0
"0552216",0
"0552232",0
"0552240",0
"0552257",0
"0552265",0
"0552273",0
"0552281",0
"0552299",0
"0552307",0
"0552315",0
"0552323",0
"0552331",0
"0552349",0
"0550459",0
"0550467",0
"0550475",0
"0550483",0
"0550491",8
"0550509",0
"0550517",8
"0550525",8
"0550558",0
"0550566",0
"0550582",0
"0550590",8
"0550616",0
"0550632",0
"0550657",0
"0550665",8
"0550673",8
"0550681",0
"0550699",0
"0550707",0
"0550715",0
"0550731",0
"0550756",0
"0553339",8
"0553347",8
"0553370",8
"0553388",8
"0553396",8
"0553404",8
"0553412",8
"0551184",0
"0551200",0
"0551218",0
"0551226",8
"0551234",0
"0551242",0
"0551259",0
"0551267",0
"0551275",8
"0551283",8
"0551291",0
"0551309",0
"0551333",0
"0551341",0
"0551358",0
"0551366",8
"0551374",8
"0551382",0
"0551390",0
"0551408",8
"0551416",8
"0551424",0
"0551432",0
"0551457",0
"0551465",0
"0551473",8
"0551481",0
"0551507",0
"0551531",0
"0551556",0
"0551572",0
"0551580",0
"0551598",0
"0551606",0
"0551622",0
"0551630",0
"0551648",8
"0551655",8
"0551663",0
"0551671",0
"0551689",0
"0551705",0
"0551713",0
"0551770",0
"0551796",0
"0551812",0
"0551820",0
"0551846",0
"0551861",0
"0551895",0
"0551903",0
"0551911",0
"0551929",0
"0551937",0
"0551960",0
"0551978",0
"0551986",0
"0551994",0
"0552018",0
"0552026",0
"0552034",0
"0552042",0
"0552067",0
"0552075",0
"0552091",0
"0552109",8
"0552117",0
"0552125",0
"0551119",0
"0550244",0
"0550251",0
"0550269",0
"0550277",0
"0550285",0
"0550301",0
"0550319",0
"0550327",0
"0550335",0
"0550343",0
"0550350",0
"0550384",8
"0550392",8
"0550400",0
"0550418",0
"0550426",0
"0550434",8
"0548727",0
"0548735",0
"0548743",8
"0548750",0
"0548776",8
"0553032",0
"0553057",0
"0553065",0
"0553073",0
"0553081",0
"0553099",0
"0553107",0
"0552133",0
"0551127",0
"0551143",0
"0550954",0
"0550970",0
"0550988",8
"0550996",0
"0551002",0
"0551010",0
"0551028",0
"0551036",0
"0551044",0
"0551051",0
"0551069",0
"0551085",0
"0551093",0
"0551101",0
"0549311",0
"0549329",0
"0549337",0
"0549345",0
"0549378",8
"0549386",0
"0549394",0
"0549410",0
"0549469",0
"0549527",0
"0549535",0
"0549543",0
"0549550",0
"0549568",0
"0549576",8
"0549584",0
"0549592",0
"0549634",0
"0549642",0
"0549659",0
"0549667",0
"0549675",0
"0549683",0
"0549691",0
"0549717",0
"0549725",0
"0549733",0
"0549758",0
"0549766",0
"0549774",0
"0549782",8
"0549790",8
"0549808",0
"0549824",0
"0549832",0
"0549840",0
"0549857",0
"0549865",8
"0549881",0
"0549899",0
"0549907",0
"0549923",0
"0549931",0
"0549949",8
"0549956",8
"0549964",8
"0549972",8
"0549980",0
"0550004",1
"0550038",0
"0550046",0
"0550053",8
"0550061",0
"0550079",8
"0550087",8
"0550095",8
"0550103",0
"0550111",0
"0550129",0
"0550137",0
"0550152",8
"0550178",0
"0550186",8
"0550194",0
"0550202",0
"0549303",0
"0550228",0
"0548495",0
"0548503",0
"0548511",0
"0548529",0
"0548537",0
"0548552",0
"0548560",8
"0548578",0
"0548586",0
"0548594",8
"0548602",0
"0548610",0
"0548628",8
"0548636",0
"0548651",1
"0548669",0
"0548677",0
"0548685",0
"0548693",0
"0548701",8
"0548719",0
"0549105",8
"0549113",0
"0549139",0
"0549147",0
"0549162",0
"0549170",0
"0549188",0
"0549196",0
"0549204",0
"0549212",0
"0549220",0
"0549246",0
"0549261",0
"0549279",0
"0549295",0
"0548487",0
"0547588",0
"0547596",0
"0547604",0
"0547612",0
"0547620",0
"0547638",0
"0547646",0
"0547653",0
"0547679",0
"0547687",0
"0547695",0
"0547703",0
"0547711",0
"0547729",0
"0547737",0
"0547745",0
"0547752",0
"0547760",0
"0547778",0
"0547794",0
"0547802",0
"0547810",0
"0547828",0
"0547836",0
"0547844",8
"0547851",8
"0547869",8
"0547877",8
"0547885",8
"0547893",8
"0547919",8
"0547927",8
"0547935",8
"0547943",8
"0547950",8
"0547968",8
"0547976",8
"0547992",0
"0548016",0
"0548024",0
"0548032",0
"0548057",0
"0548073",0
"0548081",0
"0548099",0
"0548107",0
"0548115",0
"0548123",0
"0548131",0
"0548149",0
"0548156",0
"0548198",0
"0548206",0
"0548214",0
"0548222",0
"0548230",0
"0548248",0
"0548255",0
"0548289",0
"0548297",0
"0548305",0
"0548339",8
"0548347",0
"0548354",0
"0548362",8
"0548370",8
"0548388",0
"0548396",8
"0548404",0
"0548412",0
"0548420",0
"0548453",0
"0550764",0
"0550772",0
"0550822",0
"0550830",0
"0550848",0
"0550855",0
"0550863",0
"0550871",0
"0550889",0
"0550897",0
"0550905",0
"0550913",0
"0550921",0
"0550939",0
"0550947",0
"0548925",0
"0548933",0
"0548941",8
"0548958",8
"0548966",0
"0548974",0
"0548982",8
"0548990",0
"0549014",0
"0549022",0
"0549030",8
"0549048",8
"0549055",0
"0549063",0
"0549071",8
"0549089",8
"0549097",8
"0547281",0
"0547307",0
"0547349",0
"0547356",0
"0547364",0
"0547372",0
"0547380",0
"0547398",0
"0547406",8
"0547414",0
"0547422",0
"0547430",8
"0547455",0
"0547463",0
"0547471",0
"0547489",0
"0547497",0
"0547513",0
"0547521",8
"0547539",8
"0547554",0
"0547562",0
"0546655",0
"0545590",0
"0545624",0
"0545673",0
"0545715",0
"0545756",0
"0545764",8
"0545806",0
"0545814",0
"0545822",0
"0545830",0
"0545855",0
"0545863",0
"0545871",0
"0545889",0
"0545897",0
"0545905",0
"0545913",0
"0545921",0
"0545939",0
"0545947",0
"0545970",0
"0545988",0
"0545996",0
"0546028",0
"0546044",0
"0546051",0
"0546069",8
"0546077",8
"0546085",8
"0546093",8
"0546101",8
"0546127",8
"0546135",8
"0546143",8
"0546150",8
"0546168",8
"0546176",8
"0546192",8
"0546200",8
"0546218",8
"0546226",8
"0546234",8
"0546259",8
"0546267",8
"0546275",8
"0546283",8
"0546291",8
"0546309",8
"0546317",8
"0548784",0
"0548792",0
"0548800",8
"0548818",8
"0548834",0
"0548842",8
"0548859",0
"0548867",8
"0548875",8
"0548883",0
"0548891",0
"0548909",0
"0548917",8
"0546838",0
"0546879",0
"0539429",0
"0539437",0
"0539445",0
"0546929",0
"0546937",0
"0546945",0
"0546952",0
"0546960",8
"0546978",0
"0546986",0
"0546994",0
"0547000",0
"0547018",0
"0547026",0
"0547034",0
"0547042",0
"0547059",0
"0547091",0
"0547117",0
"0547125",0
"0547133",0
"0547141",0
"0547158",0
"0547166",0
"0547182",0
"0547190",0
"0547208",0
"0547216",0
"0547240",0
"0547257",0
"0547265",0
"0547273",0
"0545129",0
"0545137",0
"0545145",0
"0545152",0
"0545178",0
"0545194",8
"0545202",8
"0545269",0
"0545285",0
"0545293",8
"0545301",0
"0545319",0
"0545327",0
"0545335",0
"0545350",0
"0545368",0
"0545376",0
"0545392",0
"0545400",0
"0545426",0
"0545442",8
"0545459",0
"0545483",0
"0545491",0
"0545509",0
"0545517",0
"0545533",0
"0545566",0
"0544445",0
"0543439",0
"0543447",8
"0543454",0
"0543462",8
"0543470",8
"0543488",8
"0543496",0
"0543504",0
"0543520",0
"0543538",0
"0543546",8
"0543553",0
"0543561",8
"0543579",8
"0543587",8
"0543595",0
"0543603",0
"0543611",1
"0543645",0
"0543652",0
"0543660",0
"0543678",0
"0543686",0
"0543710",0
"0543728",0
"0548461",0
"0547570",0
"0546689",0
"0546697",0
"0546721",8
"0546739",8
"0546747",8
"0546754",0
"0546762",8
"0546770",8
"0546788",0
"0546796",8
"0546804",8
"0546812",8
"0546580",0
"0546614",0
"0546622",0
"0546630",8
"0546648",8
"0545574",0
"0544452",0
"0544460",0
"0544478",0
"0544486",0
"0544502",0
"0544510",0
"0544528",0
"0544536",0
"0544544",0
"0544551",8
"0544569",0
"0544577",0
"0544585",0
"0544593",0
"0544601",0
"0544627",0
"0544635",0
"0544643",0
"0544650",0
"0544668",0
"0544676",0
"0544684",0
"0544718",0
"0544734",0
"0544742",0
"0544759",0
"0544783",0
"0544791",0
"0544809",0
"0544817",0
"0544841",0
"0544858",0
"0544874",0
"0544890",0
"0544908",0
"0544924",0
"0544932",0
"0544940",0
"0544965",0
"0544981",0
"0545004",0
"0545020",0
"0545038",0
"0545046",0
"0545061",0
"0543066",0
"0543082",0
"0543090",0
"0543108",8
"0543116",8
"0543124",0
"0543132",0
"0543140",1
"0543157",0
"0543173",0
"0543181",0
"0543199",8
"0543207",0
"0543215",0
"0543223",0
"0543231",0
"0543249",0
"0543256",0
"0543264",8
"0543272",0
"0543298",8
"0543306",8
"0543314",8
"0543322",8
"0543330",0
"0543348",0
"0543363",0
"0543389",0
"0543397",0
"0543405",8
"0542647",0
"0541672",0
"0541680",0
"0541698",0
"0541706",0
"0541714",0
"0546325",8
"0546333",8
"0546341",0
"0546358",8
"0546366",0
"0546382",0
"0546390",0
"0546408",0
"0546465",0
"0546473",0
"0546515",0
"0546523",0
"0546531",0
"0546549",0
"0546556",0
"0546572",0
"0544049",0
"0544056",0
"0544064",0
"0544072",0
"0544080",0
"0544098",0
"0544130",0
"0544148",0
"0544155",0
"0544163",0
"0544171",0
"0544197",0
"0544205",8
"0544221",0
"0544239",0
"0544254",0
"0544270",0
"0544296",8
"0544304",8
"0544312",0
"0544320",8
"0544346",0
"0544353",0
"0544361",1
"0544379",0
"0544387",0
"0544395",8
"0544403",0
"0544411",0
"0544437",0
"0543421",8
"0542654",0
"0534099",0
"0534107",0
"0534115",8
"0534149",0
"0534156",0
"0534164",0
"0534172",0
"0534198",0
"0534206",0
"0534214",8
"0534222",8
"0534230",0
"0534248",0
"0534255",8
"0534263",0
"0534271",0
"0534289",8
"0534297",0
"0534313",8
"0534354",0
"0534362",0
"0534388",0
"0534412",0
"0534420",0
"0534438",0
"0534446",0
"0534453",0
"0534461",0
"0534479",0
"0534495",0
"0534503",0
"0534511",0
"0534529",0
"0534545",0
"0533737",0
"0534552",0
"0534560",0
"0532986",8
"0532994",8
"0533018",0
"0533026",0
"0533034",8
"0533042",0
"0533059",8
"0533067",8
"0533075",0
"0531236",0
"0531244",0
"0531269",0
"0531293",0
"0531301",0
"0531319",8
"0531327",0
"0531376",0
"0531384",0
"0531392",0
"0531418",0
"0531426",0
"0533489",0
"0531442",0
"0531459",0
"0535179",0
"0535187",0
"0535195",0
"0535203",0
"0535211",0
"0535245",0
"0535252",0
"0535260",0
"0535286",0
"0535302",0
"0535310",0
"0535328",0
"0535344",0
"0534578",0
"0533745",0
"0533752",0
"0533760",0
"0533778",8
"0533786",0
"0533802",0
"0533828",0
"0533836",0
"0533844",0
"0533851",0
"0533869",0
"0533877",0
"0533893",0
"0533901",0
"0533919",0
"0533935",0
"0533943",0
"0533968",0
"0532242",0
"0532259",0
"0532267",0
"0532275",0
"0532283",0
"0532309",8
"0532325",0
"0532341",0
"0532358",0
"0532366",0
"0532374",0
"0532382",0
"0532390",0
"0532408",0
"0532416",0
"0532424",0
"0532432",0
"0532440",0
"0532465",0
"0532473",0
"0532481",8
"0532499",8
"0532507",8
"0532523",8
"0532531",0
"0532549",0
"0532556",0
"0532564",0
"0532572",0
"0532580",8
"0532598",8
"0532606",8
"0532614",8
"0532622",8
"0532630",8
"0532648",8
"0532655",0
"0532663",0
"0532689",0
"0532697",0
"0532705",0
"0532713",0
"0532796",0
"0532804",8
"0532812",0
"0532820",0
"0532838",0
"0532846",0
"0532853",8
"0532879",8
"0532887",0
"0532895",8
"0532903",0
"0532911",1
"0532929",0
"0532937",8
"0532945",0
"0532952",8
"0531921",0
"0532960",8
"0531111",0
"0531129",8
"0531137",0
"0531145",0
"0531152",0
"0531160",8
"0531178",8
"0531186",0
"0531194",0
"0531202",0
"0533539",0
"0533547",0
"0533554",0
"0533562",0
"0533570",0
"0533588",0
"0533596",0
"0533612",0
"0533620",0
"0533638",0
"0533653",0
"0533661",8
"0533679",0
"0533687",0
"0533695",0
"0533703",0
"0533711",0
"0533729",0
"0532978",8
"0531962",0
"0531988",0
"0532002",0
"0532028",0
"0532044",0
"0532051",0
"0532069",0
"0532077",0
"0532093",0
"0532127",0
"0532135",0
"0532226",0
"0532234",0
"0530097",0
"0530113",0
"0530121",0
"0530139",0
"0530147",0
"0530154",0
"0530162",0
"0530170",0
"0530220",0
"0530238",0
"0530253",0
"0530261",0
"0530279",8
"0530287",0
"0530311",0
"0530329",0
"0530337",8
"0530345",0
"0530352",8
"0530378",0
"0530386",0
"0530394",8
"0530402",0
"0530410",0
"0530428",0
"0530436",0
"0530444",0
"0530451",0
"0530469",8
"0530477",8
"0530493",8
"0530501",8
"0530519",0
"0530527",0
"0530535",8
"0528935",0
"0528943",0
"0528950",0
"0530576",0
"0530592",0
"0530626",0
"0530634",0
"0530642",0
"0530667",0
"0530675",0
"0530683",0
"0530691",0
"0530709",0
"0530717",0
"0530725",0
"0530733",0
"0530766",0
"0530782",0
"0530790",0
"0530832",8
"0530840",0
"0530857",0
"0530865",0
"0530873",0
"0530881",0
"0530899",0
"0530907",0
"0530915",0
"0530923",8
"0530931",8
"0530972",0
"0530980",8
"0530998",0
"0531004",0
"0531038",0
"0531053",0
"0530048",0
"0531061",0
"0529206",0
"0529214",0
"0529230",0
"0529248",0
"0529255",8
"0529263",0
"0529271",0
"0529289",0
"0531475",0
"0529297",8
"0529305",0
"0529321",0
"0533497",0
"0533505",0
"0533513",0
"0529867",0
"0529875",0
"0529883",0
"0529891",0
"0529909",0
"0529917",0
"0529933",0
"0529958",0
"0529966",0
"0529974",0
"0529982",0
"0529990",0
"0530014",0
"0529180",0
"0528265",0
"0528273",0
"0528281",0
"0528307",0
"0528356",0
"0528364",0
"0528372",0
"0528406",0
"0528414",0
"0528422",0
"0528430",0
"0528448",0
"0528455",0
"0528463",0
"0528471",0
"0528497",0
"0528505",0
"0528513",0
"0528521",0
"0528539",8
"0528547",0
"0528554",0
"0528562",0
"0528570",0
"0528588",0
"0528604",0
"0528612",0
"0528620",0
"0528638",0
"0528646",0
"0528653",0
"0528661",0
"0528679",0
"0528703",0
"0528711",0
"0528729",8
"0528752",0
"0528760",8
"0528778",0
"0528786",0
"0528794",0
"0528802",0
"0528810",0
"0528828",0
"0528836",0
"0528844",0
"0528851",0
"0540856",0
"0540864",0
"0540872",0
"0540880",0
"0540898",0
"0540906",0
"0540914",0
"0540922",0
"0540930",0
"0540948",0
"0540955",0
"0540963",0
"0540971",0
"0540989",8
"0540997",8
"0541003",0
"0541011",0
"0541029",0
"0541037",0
"0541045",0
"0541060",0
"0541086",0
"0541094",0
"0541102",0
"0541110",0
"0541128",0
"0541136",0
"0541144",8
"0541151",8
"0541169",0
"0541177",8
"0541185",0
"0541193",0
"0541219",0
"0541227",0
"0541235",1
"0541243",8
"0539361",0
"0541722",0
"0541755",0
"0541763",1
"0541771",1
"0541789",1
"0541805",1
"0541813",1
"0541839",0
"0541847",0
"0541862",0
"0541870",0
"0541888",0
"0541896",0
"0541920",0
"0541953",0
"0541979",0
"0541987",0
"0541995",8
"0542001",0
"0542019",0
"0542027",8
"0542035",0
"0542050",0
"0539965",8
"0539973",8
"0539999",0
"0540005",0
"0540013",8
"0540021",8
"0540039",8
"0540047",8
"0540054",8
"0540088",0
"0540096",0
"0540104",0
"0540112",0
"0540153",0
"0540161",0
"0540187",0
"0540195",0
"0540203",0
"0540211",0
"0540229",0
"0540252",0
"0540260",0
"0540286",0
"0540302",0
"0540310",0
"0540336",0
"0540344",0
"0540369",0
"0540393",0
"0540401",0
"0540419",0
"0540427",0
"0540435",0
"0540443",0
"0540476",0
"0540484",0
"0540492",0
"0540500",0
"0540518",0
"0540526",0
"0540534",0
"0540542",0
"0540567",0
"0540575",0
"0540591",8
"0540609",0
"0540617",0
"0540633",0
"0540641",8
"0540658",0
"0540666",0
"0540674",0
"0540682",0
"0540708",8
"0540716",8
"0540732",0
"0540740",0
"0540757",8
"0540765",8
"0540773",8
"0540781",8
"0540799",8
"0538983",0
"0538991",0
"0539007",0
"0539015",0
"0539023",0
"0539031",0
"0539049",0
"0539056",0
"0539064",8
"0539072",0
"0539080",8
"0539098",0
"0539106",0
"0539114",0
"0539122",0
"0539130",0
"0539148",0
"0539155",0
"0539171",0
"0539197",0
"0539205",0
"0539213",0
"0539254",0
"0539270",0
"0539288",0
"0539296",0
"0539304",8
"0539312",0
"0539320",0
"0539346",0
"0539353",0
"0539775",0
"0539783",0
"0539791",0
"0539809",0
"0539825",0
"0539833",8
"0538942",8
"0538082",0
"0538116",0
"0538132",8
"0538140",0
"0538157",0
"0538165",8
"0538173",8
"0538181",0
"0538207",0
"0538215",0
"0538223",0
"0538231",0
"0538256",0
"0538264",0
"0538272",8
"0538280",0
"0538298",0
"0538314",0
"0538322",0
"0538330",0
"0538348",8
"0538355",8
"0538363",8
"0538405",0
"0538413",0
"0538421",8
"0538439",0
"0538447",0
"0538454",0
"0538496",0
"0538504",0
"0538512",0
"0538520",0
"0538546",8
"0538553",0
"0538561",0
"0538579",0
"0538587",0
"0538595",0
"0538603",0
"0538611",0
"0538629",0
"0538637",0
"0538660",0
"0538678",0
"0538686",0
"0538694",0
"0538702",0
"0538710",0
"0538728",8
"0538736",8
"0538744",8
"0538751",8
"0538777",0
"0538785",8
"0538793",8
"0538801",0
"0538819",8
"0538827",0
"0538835",0
"0538843",0
"0538850",0
"0538876",0
"0538884",8
"0538900",8
"0538918",0
"0538926",8
"0538934",8
"0538066",0
"0537233",0
"0537241",0
"0537258",0
"0537266",0
"0537274",0
"0537282",0
"0537290",0
"0537316",0
"0537324",0
"0541466",8
"0541474",0
"0541482",8
"0541490",0
"0541508",0
"0541516",0
"0541524",8
"0541540",0
"0541557",0
"0541607",0
"0541615",0
"0541623",0
"0541631",0
"0541649",0
"0541656",8
"0540807",0
"0539841",0
"0539858",0
"0539866",0
"0539882",0
"0539890",0
"0539908",0
"0539916",0
"0539924",0
"0539932",0
"0539940",0
"0539957",8
"0539692",0
"0539700",0
"0539726",0
"0539734",0
"0539742",0
"0539759",0
"0539767",0
"0537993",0
"0538009",0
"0538025",0
"0538033",0
"0538041",0
"0537225",0
"0536334",0
"0536342",0
"0536359",0
"0536367",0
"0536383",0
"0536391",0
"0536409",0
"0536417",8
"0536433",0
"0536441",0
"0536458",0
"0536466",0
"0536490",0
"0536508",8
"0536516",8
"0536524",8
"0536532",8
"0536540",8
"0536557",8
"0536565",0
"0536573",0
"0536581",8
"0536599",8
"0536607",8
"0536623",8
"0536656",8
"0536664",8
"0536672",8
"0536680",8
"0536698",0
"0536706",0
"0536714",0
"0536722",0
"0536730",8
"0536748",8
"0536763",8
"0536771",8
"0536789",8
"0536797",0
"0536805",0
"0536813",8
"0536821",8
"0536839",0
"0536854",0
"0536862",0
"0536870",0
"0536904",0
"0536912",8
"0537001",0
"0537019",8
"0537027",8
"0537035",0
"0537043",0
"0537050",0
"0537068",0
"0537076",0
"0537092",8
"0537100",0
"0537126",0
"0537142",0
"0537332",0
"0539379",0
"0539387",8
"0539395",0
"0539403",0
"0523738",0
"0523399",0
"0523407",0
"0523415",0
"0523423",0
"0539452",0
"0539460",0
"0539478",0
"0539486",0
"0539494",0
"0539502",0
"0539510",0
"0539528",0
"0539536",0
"0539544",0
"0539551",0
"0539569",0
"0539577",0
"0539585",0
"0539593",0
"0539601",0
"0539635",0
"0539643",0
"0539650",0
"0539668",0
"0539684",0
"0537712",8
"0537720",0
"0537738",8
"0537753",0
"0537761",0
"0537779",0
"0537787",0
"0537803",0
"0537829",0
"0537837",0
"0537852",0
"0537860",0
"0537878",0
"0537886",0
"0537894",8
"0537902",8
"0537910",8
"0537936",8
"0537944",0
"0537951",0
"0537969",0
"0537985",0
"0536235",0
"0536243",0
"0536250",0
"0536284",0
"0536292",8
"0536300",8
"0535351",0
"0534594",0
"0534628",0
"0534644",0
"0534651",0
"0534669",8
"0534677",8
"0534685",0
"0534701",0
"0534719",1
"0534727",0
"0534735",8
"0534743",0
"0534750",0
"0534776",8
"0534792",0
"0534800",0
"0534818",0
"0534834",0
"0534859",0
"0534867",0
"0534875",0
"0534883",0
"0534891",8
"0534925",8
"0534933",8
"0534941",8
"0534958",0
"0534966",8
"0534974",8
"0534990",0
"0535005",0
"0535013",0
"0535021",0
"0535039",0
"0535054",0
"0535070",0
"0535088",0
"0535096",0
"0535104",0
"0535112",8
"0535120",0
"0535138",0
"0535146",0
"0535153",0
"0537340",0
"0537365",0
"0537373",0
"0537381",0
"0537399",0
"0537407",0
"0537415",0
"0537431",0
"0537449",0
"0537464",0
"0537480",0
"0537498",8
"0537514",0
"0537522",0
"0537530",0
"0537548",0
"0537563",0
"0537571",0
"0537589",0
"0537597",0
"0537605",0
"0537621",0
"0537639",0
"0537654",0
"0537662",0
"0537670",0
"0537688",0
"0537696",0
"0537704",8
"0535716",0
"0535732",0
"0535740",0
"0535757",0
"0535765",8
"0535781",0
"0535799",0
"0535807",1
"0535815",0
"0535823",0
"0535864",0
"0535872",0
"0535880",0
"0535898",8
"0535906",0
"0535922",0
"0535930",0
"0535955",0
"0535971",0
"0535997",0
"0536003",1
"0536011",0
"0536029",0
"0536037",0
"0536045",0
"0536060",0
"0536078",0
"0536094",0
"0536102",0
"0536136",0
"0536144",0
"0536151",0
"0536169",0
"0536177",0
"0536185",0
"0536193",0
"0536219",0
"0536227",0
"0533083",0
"0533091",0
"0533109",0
"0533117",8
"0533125",8
"0533133",0
"0533141",0
"0533166",0
"0533174",0
"0533208",0
"0533216",0
"0533224",0
"0533240",0
"0533257",0
"0533265",0
"0533273",0
"0533281",0
"0533299",0
"0533307",0
"0533323",0
"0533331",0
"0533349",0
"0533356",0
"0533364",0
"0533372",0
"0533380",8
"0533398",0
"0533414",0
"0533422",0
"0533430",0
"0533448",8
"0533455",0
"0533463",0
"0533471",0
"0537167",0
"0537175",0
"0537183",0
"0537191",0
"0537209",0
"0537217",0
"0536318",0
"0535377",8
"0535385",1
"0535393",1
"0535401",0
"0535435",0
"0535443",0
"0535468",0
"0535492",0
"0535500",0
"0535518",8
"0535534",0
"0535542",0
"0535559",0
"0535567",0
"0535591",0
"0535609",8
"0535617",0
"0535633",0
"0535666",0
"0535674",0
"0535690",0
"0535708",0
"0533984",0
"0534008",0
"0534024",0
"0534032",0
"0534040",8
"0534057",8
"0534065",8
"0534073",8
"0534081",8
"0519579",0
"0519587",0
"0519595",0
"0519603",0
"0519629",0
"0519637",8
"0519645",8
"0519652",8
"0519660",8
"0519678",0
"0519686",0
"0519694",0
"0519710",8
"0519728",8
"0519744",0
"0519751",8
"0517912",0
"0517920",0
"0517938",0
"0517946",0
"0517961",0
"0517979",0
"0517987",0
"0517995",0
"0518027",0
"0518035",0
"0518043",0
"0518050",0
"0518068",0
"0518076",0
"0518084",0
"0518092",8
"0518100",8
"0518118",0
"0518126",0
"0522276",8
"0522284",8
"0522292",8
"0522300",8
"0522318",8
"0522326",8
"0522334",0
"0522342",0
"0522367",0
"0522375",0
"0522391",0
"0522417",0
"0522425",0
"0522433",0
"0521609",0
"0520718",8
"0520726",8
"0520734",8
"0520742",8
"0520759",8
"0520767",0
"0520783",0
"0520809",8
"0520817",0
"0520825",0
"0520833",0
"0520841",0
"0520858",0
"0520866",0
"0520874",0
"0520882",0
"0517094",8
"0517102",0
"0517110",0
"0517136",0
"0517144",0
"0517151",0
"0517169",0
"0517177",0
"0517185",0
"0517193",0
"0517201",0
"0517219",0
"0517243",0
"0517250",0
"0517276",0
"0517284",0
"0517292",0
"0517300",0
"0517318",0
"0517326",0
"0517334",0
"0517342",0
"0517375",0
"0517383",0
"0517391",0
"0517409",0
"0517417",0
"0517425",0
"0517433",0
"0517441",0
"0517458",0
"0517466",0
"0517482",0
"0517490",0
"0517508",0
"0517532",0
"0517573",0
"0517581",0
"0517599",0
"0517607",0
"0517615",0
"0517623",0
"0528877",0
"0528885",0
"0528893",0
"0528919",0
"0528927",0
"0509539",0
"0509547",0
"0509554",0
"0528968",0
"0528976",0
"0528984",0
"0528992",0
"0529016",0
"0529024",0
"0529040",0
"0529065",0
"0529081",0
"0529347",0
"0529099",0
"0531483",0
"0531491",0
"0531509",0
"0531517",8
"0531533",0
"0531541",0
"0531590",0
"0531608",0
"0531616",0
"0531624",0
"0531632",0
"0531640",0
"0531657",0
"0531665",0
"0531673",8
"0531681",8
"0531715",0
"0531723",0
"0531731",0
"0531749",0
"0531756",0
"0531764",0
"0531772",0
"0531780",0
"0531798",0
"0531806",0
"0531814",0
"0531848",0
"0531855",0
"0531863",0
"0531871",0
"0531889",0
"0531897",0
"0531905",0
"0531913",0
"0531079",0
"0530055",0
"0529834",0
"0529842",0
"0529859",8
"0530089",0
"0528059",0
"0528067",0
"0528075",0
"0528083",0
"0528091",0
"0528109",0
"0528141",0
"0528158",0
"0528166",0
"0528182",8
"0528190",0
"0528216",0
"0528240",0
"0526459",0
"0526467",0
"0526483",0
"0526509",0
"0526517",0
"0526525",0
"0526533",0
"0526541",0
"0526558",0
"0526566",8
"0526574",0
"0526590",0
"0526616",0
"0526624",0
"0526632",8
"0526657",0
"0526665",0
"0526673",0
"0526681",0
"0526707",0
"0526715",0
"0526723",0
"0526731",0
"0526749",0
"0526756",0
"0526772",0
"0526780",0
"0526806",8
"0526814",8
"0526830",0
"0526855",0
"0526863",0
"0526871",0
"0526889",0
"0526897",8
"0526921",0
"0526939",0
"0526947",8
"0526954",8
"0526962",0
"0526970",0
"0526988",0
"0526996",0
"0527002",0
"0527010",0
"0529115",0
"0527044",0
"0527069",0
"0529354",0
"0529362",0
"0529370",0
"0529388",0
"0529396",0
"0529404",0
"0529412",0
"0529420",0
"0529438",8
"0529446",0
"0529461",0
"0529479",0
"0529487",0
"0529495",0
"0529503",0
"0529511",0
"0529529",0
"0529537",0
"0529545",0
"0529560",0
"0529578",0
"0529586",0
"0529594",0
"0529610",0
"0529628",0
"0529636",0
"0529644",0
"0529651",0
"0529669",0
"0529685",0
"0529693",0
"0529727",0
"0529743",0
"0529768",0
"0529776",0
"0529784",8
"0529792",0
"0529800",8
"0529818",0
"0527788",0
"0527812",0
"0527820",0
"0527846",0
"0527861",0
"0527879",0
"0527887",0
"0527895",0
"0527903",0
"0527911",0
"0527929",0
"0527937",0
"0527960",0
"0527978",0
"0527986",0
"0527994",0
"0528000",0
"0528018",0
"0528034",0
"0528042",0
"0526160",0
"0526178",0
"0526202",0
"0526210",0
"0526228",0
"0526236",0
"0526244",0
"0526251",0
"0526269",0
"0526368",0
"0526376",0
"0526384",8
"0526400",0
"0526418",0
"0526434",0
"0525477",0
"0524702",0
"0524710",0
"0524728",8
"0524736",0
"0524744",0
"0524751",0
"0524769",0
"0524785",0
"0524793",0
"0524801",8
"0524835",0
"0524843",0
"0524850",0
"0524868",0
"0524876",0
"0524884",0
"0524892",0
"0524926",8
"0524934",8
"0524942",0
"0524959",0
"0524967",0
"0524975",0
"0527077",0
"0524983",0
"0524991",0
"0525014",0
"0529131",0
"0529149",0
"0529156",0
"0528257",0
"0527390",0
"0527408",0
"0527416",0
"0527424",1
"0527432",0
"0527440",0
"0527457",0
"0527473",0
"0527481",0
"0527507",0
"0527515",0
"0527531",0
"0527549",0
"0527556",0
"0527564",0
"0527572",0
"0527580",0
"0527598",0
"0527606",0
"0527614",0
"0527622",0
"0527630",0
"0527648",8
"0527655",8
"0527663",8
"0527671",8
"0527689",0
"0527697",0
"0527705",8
"0527713",0
"0527721",8
"0527747",0
"0527754",0
"0527762",0
"0527770",0
"0525675",0
"0525683",0
"0525709",0
"0525717",0
"0525725",0
"0525733",0
"0525741",0
"0525766",0
"0525774",8
"0525782",8
"0525790",8
"0525808",0
"0525816",0
"0525824",0
"0525832",0
"0525840",0
"0525873",0
"0525899",0
"0525907",0
"0525915",0
"0525923",8
"0525931",0
"0525956",0
"0525964",0
"0525980",0
"0525998",0
"0526004",0
"0526020",0
"0526053",0
"0526061",0
"0526079",0
"0526087",0
"0526095",0
"0526103",0
"0526111",0
"0526129",0
"0526137",0
"0526145",0
"0524447",0
"0524454",0
"0524488",0
"0524504",0
"0524538",0
"0524546",0
"0524553",0
"0524561",0
"0524579",0
"0524587",0
"0524603",0
"0524611",0
"0524629",0
"0524637",0
"0524645",0
"0523688",0
"0522458",0
"0522466",0
"0522474",0
"0525022",0
"0522524",0
"0522532",0
"0522557",0
"0522565",0
"0527085",0
"0527101",0
"0527119",0
"0527127",8
"0527135",8
"0527143",8
"0527150",0
"0527176",0
"0527184",0
"0527192",0
"0527200",0
"0527218",0
"0527226",8
"0527234",8
"0527242",8
"0527259",0
"0527267",0
"0527275",0
"0527309",0
"0527317",0
"0527333",0
"0527341",0
"0527358",0
"0527366",0
"0527374",0
"0526442",0
"0525485",0
"0525493",0
"0525519",0
"0525527",0
"0525535",0
"0525543",0
"0525550",0
"0525568",0
"0525576",0
"0525600",0
"0525626",0
"0525634",0
"0525642",0
"0525667",0
"0523746",0
"0523761",0
"0523779",0
"0523787",0
"0523795",0
"0523803",0
"0523811",0
"0523829",0
"0523837",8
"0523845",0
"0523852",0
"0523860",0
"0523894",0
"0523902",0
"0523928",0
"0523936",0
"0523944",8
"0523951",0
"0523969",8
"0524009",0
"0524017",0
"0524025",0
"0524041",0
"0524058",0
"0524066",0
"0524074",0
"0524082",0
"0524090",0
"0524108",0
"0524124",0
"0524132",0
"0524140",0
"0524165",0
"0524181",0
"0524199",0
"0524207",0
"0524215",0
"0524256",0
"0524264",8
"0524272",8
"0524280",8
"0524298",8
"0524306",8
"0524314",8
"0524330",8
"0524348",8
"0524355",8
"0524363",8
"0524371",8
"0524389",8
"0524397",8
"0524405",8
"0524413",8
"0524421",8
"0524439",8
"0522235",8
"0522243",8
"0522573",0
"0522250",8
"0525030",0
"0525048",0
"0525055",0
"0525063",0
"0525071",0
"0525089",0
"0525097",8
"0525113",0
"0525121",0
"0525139",0
"0525154",0
"0525162",0
"0525170",0
"0525188",0
"0525196",0
"0525204",0
"0525212",0
"0525238",0
"0525246",0
"0525253",0
"0525261",0
"0525279",0
"0525287",0
"0525295",8
"0525303",8
"0525311",0
"0525329",8
"0525345",0
"0525352",0
"0525360",0
"0525378",0
"0525386",0
"0525394",0
"0525402",0
"0525410",0
"0525428",0
"0525436",0
"0525469",0
"0524652",0
"0523696",0
"0523720",0
"0514349",0
"0514356",0
"0514364",0
"0514372",0
"0514380",0
"0514406",0
"0514414",0
"0523449",0
"0523464",0
"0523472",0
"0523480",0
"0523498",0
"0523506",0
"0523514",0
"0523522",0
"0523530",0
"0523548",0
"0523571",0
"0523597",0
"0523605",0
"0523621",0
"0523647",0
"0523654",0
"0523662",0
"0522441",0
"0521617",0
"0521625",0
"0521633",0
"0521641",8
"0521658",0
"0521666",0
"0521674",0
"0521682",0
"0521690",0
"0521708",0
"0521724",0
"0521732",0
"0521740",0
"0521757",0
"0521773",0
"0521781",0
"0521799",0
"0521807",0
"0521815",0
"0521831",0
"0521849",0
"0521880",0
"0521898",0
"0521906",0
"0521914",8
"0521922",0
"0521930",8
"0521948",0
"0521955",0
"0521971",8
"0521989",0
"0522003",0
"0522029",0
"0522037",0
"0522052",8
"0522078",0
"0522086",8
"0522094",0
"0522102",0
"0522110",8
"0522128",8
"0522136",8
"0522151",0
"0522169",0
"0522177",0
"0522185",8
"0522193",8
"0522201",8
"0522219",8
"0522938",8
"0522946",0
"0522953",0
"0522979",0
"0522987",0
"0523001",8
"0523019",0
"0523027",0
"0523035",0
"0523043",0
"0523050",0
"0523084",0
"0523092",0
"0523100",8
"0523134",0
"0523142",0
"0523175",0
"0523183",8
"0523191",0
"0523233",0
"0523258",8
"0523266",8
"0523274",0
"0523282",0
"0523290",8
"0523316",8
"0523324",8
"0523332",8
"0523340",8
"0523365",0
"0523373",0
"0521112",0
"0521120",0
"0521138",0
"0521146",0
"0521161",0
"0521179",0
"0521187",0
"0521203",0
"0521211",0
"0521229",0
"0521237",8
"0521245",8
"0521252",8
"0521260",0
"0521278",8
"0521351",0
"0521369",0
"0521377",0
"0521385",0
"0521393",0
"0521401",0
"0521419",0
"0521427",0
"0521435",8
"0521443",8
"0521476",0
"0521484",8
"0521492",0
"0521500",8
"0521518",0
"0521526",0
"0521534",0
"0521542",0
"0521559",0
"0521575",0
"0521583",0
"0521591",0
"0520700",8
"0519777",0
"0519793",0
"0519801",0
"0519819",0
"0519827",8
"0519835",0
"0519843",8
"0519850",0
"0519868",0
"0519876",0
"0519892",0
"0519918",8
"0519926",8
"0519934",8
"0519975",0
"0519983",0
"0519991",0
"0520015",0
"0520023",0
"0520031",0
"0520049",8
"0520056",8
"0520072",0
"0520080",8
"0520098",0
"0520106",0
"0520114",0
"0520122",8
"0520130",8
"0520148",1
"0520155",0
"0520163",0
"0520189",0
"0520197",0
"0522581",0
"0522599",0
"0522607",0
"0522797",0
"0522805",0
"0522813",0
"0522821",0
"0522839",0
"0522847",0
"0522854",0
"0522888",0
"0522896",0
"0522904",0
"0522920",0
"0520908",0
"0520916",0
"0520924",0
"0520932",0
"0520940",0
"0520957",0
"0520981",0
"0520999",0
"0521005",0
"0521013",0
"0521021",0
"0521054",0
"0521062",0
"0521070",0
"0521088",0
"0521096",0
"0519157",0
"0519165",0
"0519181",0
"0519199",0
"0519207",0
"0519215",0
"0519223",0
"0519231",0
"0519249",0
"0519256",0
"0519264",0
"0519298",0
"0519306",8
"0519314",8
"0519330",0
"0519348",0
"0519355",0
"0519363",0
"0519371",0
"0519389",0
"0519397",0
"0519405",8
"0519421",0
"0519462",0
"0519470",8
"0519488",0
"0519496",0
"0519504",0
"0519512",0
"0519520",0
"0519538",8
"0519546",0
"0519553",0
"0519561",0
"0508960",8
"0508978",0
"0508986",0
"0508994",0
"0509000",0
"0509018",0
"0509026",0
"0509034",0
"0509067",0
"0509075",0
"0509083",0
"0509091",0
"0509117",0
"0509125",0
"0509133",0
"0509158",0
"0509166",0
"0509174",0
"0509182",0
"0509224",0
"0509240",0
"0509257",0
"0509265",0
"0509273",0
"0509281",0
"0509299",0
"0509307",0
"0509315",0
"0509323",0
"0509331",0
"0509356",0
"0509364",0
"0509372",0
"0509380",8
"0509398",0
"0509406",0
"0509414",0
"0509422",0
"0511287",0
"0511550",8
"0511576",0
"0511584",0
"0511592",0
"0511600",0
"0511618",0
"0511626",0
"0511634",0
"0511659",0
"0511667",0
"0511675",0
"0511683",0
"0511709",0
"0511717",0
"0511725",0
"0511733",0
"0511741",0
"0511758",0
"0511766",0
"0511774",0
"0511782",0
"0511808",0
"0511816",0
"0511832",0
"0511865",0
"0511873",0
"0511881",0
"0511899",0
"0511907",0
"0511931",0
"0511949",8
"0511956",8
"0511964",8
"0511980",8
"0511998",8
"0512004",8
"0512012",8
"0512020",8
"0512038",0
"0512046",0
"0512053",0
"0508705",0
"0508713",8
"0508721",8
"0508747",8
"0508754",0
"0508762",0
"0508770",0
"0508788",0
"0508796",0
"0508812",0
"0508853",0
"0506733",8
"0506741",8
"0506758",8
"0506782",0
"0506790",0
"0506816",0
"0506857",0
"0506865",0
"0506873",8
"0506881",0
"0506899",0
"0506907",0
"0506915",0
"0506931",0
"0506949",0
"0506998",0
"0507004",8
"0507046",0
"0507053",0
"0507061",0
"0507079",0
"0507087",8
"0507095",8
"0507129",0
"0507160",0
"0507178",0
"0507194",0
"0507210",0
"0507228",0
"0507236",0
"0509430",0
"0511295",0
"0511311",0
"0511329",0
"0511337",0
"0510529",0
"0509646",8
"0509653",0
"0509661",0
"0509679",8
"0509687",0
"0509711",0
"0509729",0
"0509745",0
"0509752",0
"0509760",0
"0509778",0
"0509786",0
"0509810",0
"0509828",0
"0509836",0
"0509844",0
"0509877",0
"0509885",0
"0509893",0
"0509901",0
"0509919",0
"0509927",0
"0509935",0
"0509943",0
"0509950",0
"0509968",0
"0509976",0
"0510008",0
"0510016",0
"0510024",0
"0510032",0
"0510040",0
"0510057",0
"0510065",0
"0510073",0
"0510081",0
"0510099",0
"0510115",0
"0510123",0
"0510131",0
"0510149",0
"0510156",0
"0510164",0
"0510172",0
"0510180",0
"0510214",0
"0510222",0
"0510263",0
"0510271",0
"0510289",8
"0510297",0
"0510305",8
"0510313",8
"0510321",0
"0510339",0
"0510347",0
"0510362",0
"0510404",0
"0510412",0
"0510420",0
"0510438",0
"0508556",8
"0508564",0
"0508572",8
"0508580",0
"0508614",0
"0508622",0
"0508648",0
"0508655",8
"0508663",0
"0508671",8
"0508689",0
"0508697",0
"0506634",0
"0506642",0
"0506659",8
"0506667",8
"0506675",8
"0506683",8
"0506691",8
"0506709",8
"0504647",0
"0504662",0
"0504688",0
"0504696",0
"0504704",0
"0504712",0
"0504753",0
"0504761",0
"0504779",0
"0504787",8
"0504795",0
"0504811",0
"0504837",0
"0504860",0
"0507277",0
"0509448",0
"0509471",0
"0509497",0
"0509513",0
"0509521",0
"0563346",0
"0561126",0
"0561308",0
"0561613",0
"0509562",0
"0509570",0
"0509588",0
"0509596",0
"0509604",0
"0509612",0
"0509620",0
"0508861",0
"0507780",0
"0507798",0
"0507806",0
"0507814",0
"0507822",0
"0507830",0
"0507848",0
"0507871",0
"0507889",0
"0507913",0
"0507939",8
"0507996",0
"0508002",0
"0508010",0
"0508036",0
"0508044",0
"0508051",0
"0508069",0
"0508077",0
"0508085",0
"0508101",0
"0508119",0
"0508127",0
"0508135",0
"0508143",0
"0508150",0
"0508168",0
"0508176",0
"0508184",0
"0508192",0
"0508226",0
"0508283",0
"0508317",0
"0508341",0
"0508358",0
"0508366",0
"0508390",0
"0508408",0
"0508416",0
"0508424",0
"0508432",8
"0508457",0
"0508465",8
"0508473",8
"0508481",8
"0508499",8
"0508507",8
"0508515",8
"0508523",8
"0508531",8
"0508549",8
"0506121",8
"0506147",0
"0506154",8
"0506162",8
"0506170",8
"0506188",8
"0506204",0
"0506220",0
"0506238",0
"0506246",0
"0506253",0
"0506295",0
"0506303",0
"0506311",0
"0506329",0
"0506345",0
"0506360",0
"0506378",0
"0506402",0
"0506410",0
"0506428",0
"0506519",0
"0506535",0
"0506543",0
"0506550",0
"0506576",0
"0506584",0
"0506592",0
"0506600",0
"0500702",0
"0500785",0
"0500835",8
"0500843",0
"0500959",0
"0500975",0
"0500991",0
"0501031",0
"0501114",8
"0501122",8
"0501148",0
"0501171",0
"0501239",0
"0501247",0
"0501262",0
"0501296",0
"0501304",0
"0596619",0
"0517631",0
"0517649",0
"0517656",0
"0517664",0
"0517680",0
"0517714",0
"0517722",0
"0517748",0
"0518134",0
"0517763",0
"0517771",1
"0517805",0
"0520213",8
"0520221",8
"0520239",8
"0520247",8
"0520254",8
"0520262",0
"0520270",8
"0520288",0
"0520296",0
"0520304",0
"0520312",8
"0520338",0
"0520346",0
"0520361",8
"0520379",8
"0520387",0
"0520395",0
"0520403",8
"0520411",0
"0520429",8
"0520445",0
"0520452",0
"0520486",0
"0520494",0
"0520510",0
"0520528",0
"0520536",0
"0520569",0
"0520593",0
"0520627",0
"0520635",0
"0520650",0
"0520668",0
"0520676",0
"0520692",0
"0519769",0
"0518936",0
"0518944",0
"0518977",0
"0518985",0
"0518993",0
"0519025",0
"0519033",8
"0519041",0
"0519058",8
"0519082",0
"0519090",8
"0519108",0
"0519116",0
"0519124",0
"0519132",0
"0519140",0
"0516898",0
"0516906",0
"0516914",0
"0516930",0
"0516948",0
"0516955",0
"0516989",0
"0516997",0
"0517003",0
"0517011",0
"0517029",0
"0517037",0
"0517045",0
"0517060",0
"0517086",0
"0515270",0
"0515288",0
"0515296",0
"0515304",0
"0515312",0
"0515320",0
"0515338",0
"0515346",0
"0515353",0
"0515387",0
"0515395",0
"0515411",0
"0515429",0
"0515437",0
"0515445",0
"0515452",0
"0515460",0
"0515478",8
"0515486",8
"0515502",0
"0515536",0
"0515544",8
"0515551",8
"0515569",8
"0515577",8
"0515585",8
"0515593",0
"0515601",8
"0515619",8
"0515643",0
"0515668",8
"0517821",0
"0515676",0
"0515684",0
"0518142",0
"0518159",0
"0518167",0
"0518175",0
"0518183",0
"0518191",0
"0518209",0
"0518258",0
"0518266",0
"0518274",0
"0518282",0
"0518290",0
"0518308",0
"0518340",0
"0518357",0
"0518365",0
"0518373",0
"0518399",0
"0518407",0
"0518431",0
"0518449",0
"0518456",0
"0518464",8
"0518472",8
"0518480",0
"0518498",0
"0518506",8
"0518514",8
"0518522",8
"0518548",8
"0518555",0
"0518571",0
"0518589",0
"0518605",0
"0518613",0
"0518621",0
"0518639",0
"0518647",0
"0518654",0
"0518662",0
"0518720",8
"0518738",8
"0518746",0
"0518753",0
"0518761",0
"0518779",0
"0518811",0
"0518852",0
"0518878",0
"0518886",0
"0518910",0
"0518928",0
"0516575",0
"0516583",0
"0516591",0
"0516609",0
"0516617",0
"0516625",8
"0516633",8
"0516641",0
"0516674",0
"0516716",0
"0516724",0
"0516740",0
"0516773",0
"0516781",0
"0516799",0
"0516807",0
"0516815",0
"0516823",0
"0516849",8
"0516856",0
"0516864",0
"0516872",8
"0515999",0
"0515171",0
"0515189",0
"0515197",0
"0515205",0
"0515213",0
"0515221",0
"0515247",0
"0515254",0
"0515262",0
"0513242",8
"0513267",0
"0513275",0
"0513283",0
"0513317",0
"0513341",0
"0513358",0
"0513390",0
"0513408",0
"0513424",0
"0513440",0
"0513457",0
"0513465",0
"0513481",0
"0515700",8
"0513499",0
"0517839",0
"0517870",0
"0517888",0
"0517896",0
"0517904",0
"0516880",0
"0516005",0
"0516013",0
"0516021",0
"0516039",0
"0516047",0
"0516054",0
"0516070",0
"0516088",0
"0516096",0
"0516104",0
"0516112",0
"0516120",0
"0516138",0
"0516146",0
"0516153",0
"0516161",0
"0516179",0
"0516187",0
"0516203",0
"0516229",0
"0516237",0
"0516245",0
"0516252",0
"0516278",0
"0516286",0
"0516294",0
"0516302",0
"0516310",0
"0516328",0
"0516351",0
"0516369",0
"0516377",0
"0516385",8
"0516393",0
"0516401",0
"0516419",0
"0516427",0
"0516435",0
"0516443",0
"0516450",0
"0516492",0
"0516500",0
"0516518",0
"0516526",8
"0516534",0
"0516542",0
"0516559",0
"0516567",0
"0514695",8
"0514703",0
"0514729",0
"0514737",0
"0514745",8
"0514752",8
"0514760",0
"0514794",0
"0514810",0
"0514828",0
"0514836",8
"0514844",0
"0514869",0
"0514877",0
"0514885",0
"0514893",0
"0514901",0
"0514919",0
"0514927",0
"0514935",0
"0514950",0
"0514968",0
"0514984",0
"0514992",0
"0515007",0
"0515015",1
"0515023",1
"0515031",0
"0515049",0
"0515056",0
"0515064",0
"0515072",0
"0515080",0
"0515106",8
"0515114",8
"0515122",8
"0515130",0
"0515148",0
"0514224",0
"0513143",0
"0513150",0
"0513168",0
"0513176",0
"0513184",0
"0513200",0
"0513218",0
"0513226",8
"0513234",0
"0515759",0
"0515767",0
"0515775",0
"0515783",0
"0515809",0
"0515817",0
"0515858",0
"0515866",0
"0515874",0
"0515882",8
"0515890",0
"0515908",0
"0515916",0
"0515924",0
"0515932",0
"0515940",0
"0515957",0
"0515973",0
"0515981",0
"0515155",0
"0514232",0
"0514240",0
"0514257",0
"0514265",0
"0514273",0
"0514281",0
"0514299",0
"0514307",0
"0514323",0
"0514331",0
"0596684",0
"0596809",8
"0596817",8
"0596825",8
"0596833",8
"0596841",8
"0596882",8
"0597005",0
"0514448",0
"0514455",0
"0514471",0
"0514497",0
"0514505",0
"0514513",0
"0514521",0
"0514539",0
"0514547",0
"0514554",0
"0514596",0
"0514612",0
"0514620",0
"0514661",0
"0514679",0
"0514687",0
"0512574",0
"0512582",0
"0512590",0
"0512608",0
"0512624",0
"0512632",0
"0512640",0
"0512657",0
"0512665",0
"0512673",0
"0512681",0
"0512699",0
"0512707",0
"0512715",0
"0512731",0
"0512749",0
"0512764",0
"0512772",0
"0512780",0
"0512798",0
"0512814",0
"0512822",0
"0512830",0
"0512848",0
"0512855",8
"0512889",0
"0512897",0
"0512905",0
"0512913",0
"0512921",8
"0512939",8
"0512947",0
"0512954",0
"0512962",0
"0512970",0
"0512996",0
"0513002",0
"0513010",0
"0513028",0
"0513036",8
"0513044",0
"0513051",0
"0513069",0
"0513077",8
"0513093",0
"0513119",0
"0513127",8
"0512368",0
"0513135",0
"0511360",0
"0511378",0
"0511386",0
"0511402",0
"0511410",0
"0511428",0
"0511451",0
"0511477",8
"0513507",0
"0511519",0
"0511527",0
"0511535",0
"0515718",8
"0515726",0
"0515734",0
"0515742",0
"0513846",0
"0513853",0
"0513879",0
"0513887",0
"0513895",0
"0513903",0
"0513945",0
"0513952",0
"0513960",0
"0513994",0
"0514000",0
"0514018",0
"0514034",0
"0514042",0
"0514067",0
"0514075",0
"0514083",0
"0514109",0
"0514125",0
"0514141",0
"0514216",0
"0512384",8
"0512392",8
"0512426",0
"0512434",8
"0512442",8
"0512459",0
"0512467",0
"0512475",8
"0512483",0
"0512509",0
"0512517",8
"0512525",8
"0512541",8
"0597021",0
"0512558",0
"0512566",0
"0510602",8
"0510610",8
"0510628",0
"0510636",0
"0510644",0
"0510651",0
"0510669",8
"0510677",8
"0510685",0
"0510693",0
"0510701",0
"0510727",0
"0510735",0
"0510743",8
"0510750",0
"0510768",8
"0510776",0
"0510784",0
"0510800",0
"0510818",0
"0510826",0
"0510834",0
"0510842",0
"0510859",0
"0510867",0
"0510875",0
"0510883",0
"0510891",0
"0510917",0
"0510925",0
"0510933",0
"0510941",8
"0510958",0
"0510966",0
"0510974",0
"0510982",0
"0510990",0
"0511014",0
"0511030",0
"0511048",0
"0511063",0
"0511071",0
"0511089",0
"0511097",0
"0511105",0
"0511113",0
"0511121",0
"0511147",0
"0511170",0
"0511188",8
"0511196",0
"0511204",8
"0511212",0
"0511220",0
"0511238",0
"0511246",0
"0511253",0
"0511261",0
"0511279",0
"0513515",0
"0513523",0
"0513531",0
"0513549",0
"0513556",8
"0513564",8
"0513572",8
"0513580",8
"0513598",0
"0513614",0
"0513622",0
"0513655",0
"0513663",0
"0513689",0
"0513713",0
"0513739",0
"0513747",0
"0513754",0
"0513770",0
"0513788",0
"0513812",0
"0513820",0
"0513838",0
"0512061",0
"0512079",0
"0512095",0
"0512103",0
"0512178",0
"0512186",0
"0512194",0
"0512210",0
"0512236",0
"0512244",0
"0512277",0
"0512285",0
"0512301",0
"0511352",0
"0510537",0
"0510545",0
"0510552",0
"0510560",0
"0510586",0
"0510594",0
"0510446",8
"0510453",8
"0510479",0
"0510487",0
"0510495",0
"0510503",0
"0510511",0
"0509638",0
"0508879",0
"0508895",0
"0508903",0
"0508911",1
"0508929",1
"0508937",8
"0508945",8
"0508952",8
"0565655",8
"0565770",0
"0563684",0
"0563817",8
"0564047",8
"0564237",0
"0564369",0
"0562983",0
"0563106",0
"0563239",0
"0537977",0
"0534636",0
"0534768",8
"0534917",0
"0535047",0
"0537159",0
"0537472",0
"0537613",0
"0535773",0
"0535914",8
"0536052",0
"0536201",0
"0533182",0
"0533315",0
"0535161",0
"0535369",0
"0535526",0
"0535682",0
"0534180",0
"0534305",8
"0534487",0
"0533000",0
"0531285",0
"0531434",0
"0535278",0
"0533794",0
"0533927",0
"0532333",0
"0532457",0
"0532671",8
"0532861",8
"0531103",0
"0531210",0
"0533646",0
"0531970",0
"0532143",0
"0530196",0
"0530360",8
"0530485",0
"0529057",0
"0531574",0
"0531699",8
"0531830",0
"0530063",0
"0528125",0
"0526491",0
"0526640",0
"0526764",0
"0526905",8
"0527028",0
"0529552",0
"0529677",0
"0527796",0
"0527952",0
"0526186",0
"0526392",0
"0524777",0
"0524918",0
"0529123",0
"0527465",0
"0527739",8
"0525758",1
"0525881",0
"0526038",0
"0526152",0
"0524595",0
"0522508",0
"0527168",8
"0527283",0
"0525501",0
"0523753",0
"0523878",0
"0524033",0
"0524157",0
"0524322",8
"0522227",8
"0525105",0
"0525220",0
"0525337",0
"0525451",0
"0523670",0
"0521716",0
"0521872",0
"0522011",0
"0522144",0
"0522961",8
"0523118",0
"0523308",8
"0521153",0
"0521286",8
"0519785",0
"0519900",8
"0520064",8
"0522268",8
"0522862",0
"0520973",0
"0521104",0
"0519280",0
"0519413",0
"0519736",0
"0518019",0
"0520205",8
"0522409",0
"0520775",0
"0520890",0
"0517227",0
"0562140",0
"0562330",0
"0559906",0
"0560193",0
"0560847",0
"0560987",0
"0559047",0
"0559211",8
"0559377",0
"0559484",0
"0559617",0
"0558353",0
"0558502",8
"0558643",0
"0558775",0
"0554964",0
"0555086",0
"0556183",0
"0557348",0
"0559815",8
"0558031",0
"0558254",0
"0554428",0
"0554550",0
"0554717",0
"0554832",0
"0553123",0
"0553297",8
"0557553",0
"0557686",0
"0557926",0
"0554154",0
"0550442",0
"0550574",8
"0550723",0
"0551192",0
"0551317",0
"0551440",0
"0551614",0
"0551788",0
"0551952",0
"0552083",0
"0550376",0
"0548768",0
"0551135",0
"0551077",0
"0549402",0
"0549626",0
"0549741",8
"0549873",8
"0550020",0
"0550145",8
"0548644",0
"0549154",0
"0549287",0
"0547661",0
"0547786",0
"0547901",8
"0548040",0
"0548172",0
"0548313",0
"0548446",0
"0549006",0
"0547315",0
"0547448",0
"0545582",0
"0545848",0
"0545954",0
"0546119",8
"0546242",8
"0597096",8
"0597211",0
"0597344",0
"0598110",8
"0598136",8
"0598144",8
"0598151",8
"0598169",8
"0598177",8
"0598185",0
"0598284",0
"0598326",0
"0598425",8
"0598573",8
"0598581",0
"0598656",8
"0598763",8
"0598888",8
"0598904",8
"0598938",0
"0599159",0
"0599183",8
"0599191",0
"0599225",8
"0599233",8
"0599241",8
"0599282",0
"0599316",8
"0599340",0
"0599654",0
"0599662",0
"0599779",8
"0599811",8
"0599845",8
"0599852",8
"0599860",8
"0599902",8
"0599910",8
"0599928",8
"0599936",8
"0599944",0
"0593863",0
"0502294",0
"0502302",0
"0502310",8
"0502328",8
"0502336",0
"0502344",8
"0502351",0
"0502369",8
"0502377",8
"0502385",8
"0502393",0
"0502450",0
"0502468",0
"0502476",0
"0502484",0
"0502518",0
"0502526",8
"0502534",0
"0502542",0
"0502559",0
"0502567",0
"0502583",8
"0502591",8
"0502609",8
"0502617",8
"0502625",0
"0502633",8
"0502641",8
"0502658",0
"0502666",0
"0502674",0
"0501726",0
"0500033",0
"0500058",0
"0500066",0
"0500074",0
"0500082",0
"0500090",0
"0500116",0
"0500132",0
"0500140",0
"0500157",0
"0500165",0
"0500181",8
"0500199",0
"0500496",0
"0500520",0
"0500538",0
"0500553",0
"0500561",0
"0500579",0
"0500645",0
"0501312",0
"0501379",0
"0501387",0
"0501452",0
"0501478",0
"0501486",0
"0501536",0
"0501544",0
"0501551",0
"0501569",0
"0501577",0
"0501585",0
"0501627",0
"0501635",0
"0501643",0
"0501676",0
"0501684",0
"0501692",0
"0501700",0
"0501718",0
"0599969",8
"0599977",0
"0599985",0
"0599993",0
"0599951",8
"0593905",8
"0593947",0
"0594192",8
"0594218",8
"0594226",8
"0594275",8
"0594317",8
"0594325",8
"0594408",0
"0594416",8
"0594747",8
"0594911",0
"0594937",8
"0594960",8
"0594978",1
"0595090",1
"0595363",0
"0595389",0
"0595702",8
"0595827",0
"0596080",8
"0596114",8
"0596163",0
"0502286",0
"0596262",8
"0596270",8
"0596288",8
"0504589",8
"0504597",8
"0504605",0
"0504613",8
"0503664",0
"0502690",0
"0502708",0
"0502732",0
"0502757",0
"0502765",0
"0502773",0
"0502781",0
"0502799",0
"0502807",0
"0502815",0
"0502823",0
"0502831",0
"0502849",0
"0502864",0
"0502872",0
"0502880",0
"0502898",0
"0502906",0
"0502914",0
"0502922",0
"0502930",0
"0502948",0
"0502955",0
"0502963",0
"0502989",0
"0503011",0
"0503037",0
"0503052",0
"0503060",0
"0503078",0
"0503086",0
"0503094",0
"0503102",0
"0503110",0
"0503128",0
"0503144",8
"0503151",8
"0503169",8
"0503177",0
"0503185",8
"0503193",0
"0503201",8
"0503219",8
"0503227",8
"0503235",0
"0503268",0
"0503276",0
"0503292",0
"0503300",8
"0503318",0
"0503326",0
"0503334",0
"0503359",0
"0503367",0
"0503375",0
"0503425",8
"0503441",0
"0503458",8
"0503466",8
"0503474",8
"0503508",0
"0503516",0
"0503532",0
"0503540",0
"0503557",0
"0503565",0
"0503581",0
"0503599",8
"0503607",8
"0503615",0
"0503623",0
"0503631",0
"0503649",0
"0503656",0
"0502682",0
"0501734",0
"0501759",0
"0501767",0
"0501775",0
"0501783",0
"0501809",0
"0501817",0
"0501825",0
"0501858",0
"0501908",0
"0501916",0
"0501924",0
"0501932",0
"0501940",0
"0501957",0
"0501965",8
"0501973",0
"0501981",0
"0501999",0
"0502005",0
"0502013",0
"0502039",0
"0502047",0
"0502054",0
"0502070",0
"0502096",0
"0502112",0
"0502120",0
"0502138",8
"0502146",8
"0502153",8
"0502161",0
"0502179",0
"0502187",0
"0502195",0
"0502203",0
"0502229",0
"0502237",0
"0502252",0
"0504571",0
"0502260",0
"0504886",0
"0504894",0
"0504902",0
"0504910",0
"0504928",0
"0504936",0
"0504951",0
"0504969",0
"0504977",0
"0504985",0
"0504993",0
"0505008",0
"0505016",0
"0505024",0
"0505032",0
"0505040",0
"0505065",0
"0505081",0
"0505099",0
"0505107",0
"0505123",0
"0505131",0
"0505149",0
"0505156",0
"0505164",0
"0505206",0
"0505214",0
"0505321",0
"0505347",0
"0505370",0
"0505388",0
"0505396",0
"0505438",0
"0505446",8
"0505453",8
"0505479",0
"0505495",0
"0505511",0
"0505537",0
"0505545",0
"0505552",8
"0505560",0
"0505578",0
"0505586",8
"0505594",0
"0505610",0
"0505644",0
"0505651",0
"0505677",0
"0505685",0
"0505693",0
"0505701",0
"0505735",0
"0504639",0
"0503672",0
"0503680",0
"0503698",0
"0503706",0
"0503722",0
"0503730",0
"0503748",0
"0503755",0
"0503763",0
"0503771",0
"0503789",0
"0503797",0
"0503805",0
"0503813",0
"0503847",0
"0503862",0
"0503870",0
"0503888",0
"0503896",0
"0503904",0
"0503912",0
"0503920",0
"0503938",0
"0503946",0
"0503995",0
"0504027",0
"0504043",0
"0504050",0
"0504068",0
"0504076",0
"0504092",0
"0504100",0
"0504126",0
"0504134",8
"0504142",0
"0504159",0
"0504167",0
"0504175",0
"0504183",8
"0504191",8
"0504209",8
"0504217",8
"0504225",8
"0504241",0
"0504258",0
"0504274",0
"0504282",0
"0504290",0
"0504316",0
"0504332",0
"0504340",0
"0504365",0
"0504373",0
"0504381",0
"0504399",0
"0504431",0
"0504449",0
"0504464",0
"0504480",0
"0504498",0
"0504506",1
"0504514",0
"0504522",0
"0504530",0
"0504878",0
"0504555",0
"0504563",0
"0507285",0
"0507293",0
"0507301",0
"0507319",0
"0507327",0
"0507335",0
"0507343",0
"0507350",0
"0507376",8
"0507384",1
"0507418",0
"0507442",0
"0507459",0
"0507467",8
"0507475",8
"0507483",0
"0507517",0
"0507525",0
"0507541",0
"0507558",8
"0507566",0
"0507574",8
"0507582",0
"0507590",0
"0507608",0
"0507624",0
"0507632",0
"0507640",8
"0507657",8
"0507673",0
"0507699",0
"0507707",0
"0507723",0
"0507731",0
"0507749",0
"0506725",0
"0507756",0
"0505768",0
"0505776",0
"0505792",0
"0505826",8
"0505834",0
"0505842",0
"0505859",0
"0505867",8
"0505875",0
"0505883",0
"0505891",0
"0505909",0
"0505917",0
"0505925",8
"0505941",8
"0505958",0
"0505966",0
"0505974",0
"0505982",0
"0505990",0
"0506006",0
"0506014",0
"0506022",0
"0506030",0
"0506048",0
"0506055",0
"0506071",8
"0506089",0
"0506097",0
"0506105",8
"0506113",8
"0503045",0
"0509141",0
"0531277",0
"0555425",0
"0563205",0
"0580076",0
"0580084",0
"0580118",0
"0580258",0
"0580282",0
"0580290",0
"0580381",0
"0580415",0
"0580423",0
"0580514",0
"0580589",0
"0580670",0
"0581686",0
"0581694",0
"0581728",0
"0581736",0
"0581934",0
"0585687",0
"0587006",0
"0587931",0
"0587956",0
"0587972",0
"0587998",0
"0588764",0
"0588772",0
"0588988",0
"0589028",0
"0589036",0
"0589044",0
"0589051",8
"0589069",8
"0589077",8
"0589085",0
"0589093",0
"0589101",0
"0518704",0
"0563973",0
"0560300",0
"0560318",0
"0560326",0
"0560334",0
"0560342",0
"0560359",0
"0560367",0
"0560375",0
"0560383",0
"0560391",0
"0560409",0
"0560441",0
"0560458",0
"0560466",0
"0560474",0
"0560482",0
"0560490",0
"0560508",0
"0560516",0
"0560524",0
"0560532",0
"0560540",0
"0560557",0
"0560565",0
"0560573",0
"0560581",0
"0560599",0
"0560615",0
"0560623",0
"0560631",0
"0560656",0
"0560664",0
"0560672",0
"0560680",0
"0560698",0
"0560706",0
"0560714",0
"0560722",0
"0560730",0
"0560748",0
"0560755",0
"0560763",0
"0560771",0
"0589119",0
"0589127",0
"0589143",0
"0571703",0
"0571901",0
"0571208",0
"0571372",0
"0571489",0
"0571596",0
"0576009",0
"0572537",0
"0572677",0
"0572792",0
"0572925",0
"0573758",8
"0574319",0
"0574756",0
"0575308",0
"0578351",0
"0582536",0
"0583351",0
"0585604",0
"0586792",0
"0573832",0
"0587717",0
"0587832",0
"0590182",0
"0590315",0
"0590513",8
"0591560",8
"0592378",0
"0593731",0
"0587907",0
"0588053",0
"0569780",1
"0590083",8
"0570531",0
"0570655",0
"0570762",0
"0570887",0
"0571018",0
"0569459",0
"0569608",0
"0574079",0
"0588350",0
"0588475",0
"0588582",0
"0588947",0
"0587097",0
"0587212",0
"0587329",0
"0587451",0
"0587568",0
"0552398",0
"0552513",0
"0552745",0
"0552919",0
"0557405",0
"0553503",0
"0553628",8
"0553768",0
"0553875",0
"0569723",1
"0570309",0
"0570424",0
"0566927",0
"0567099",8
"0567263",0
"0568824",0
"0569319",0
"0565846",8
"0565598",8
"0570051",0
"0570226",0
"0566760",8
"0565010",0
"0565127",0
"0565259",0
"0565374",8
"0565499",0
"0566026",8
"0566141",8
"0566430",8
"0566554",0
"0565820",8
"0564906",0
"0562520",0
"0562793",0
"0517367",0
"0517474",0
"0528869",0
"0507764",0
"0507921",0
"0508093",0
"0508275",0
"0508440",0
"0506139",0
"0506279",0
"0506444",0
"0500827",0
"0501189",0
"0517698",0
"0520353",0
"0520502",0
"0520684",0
"0519066",0
"0516922",0
"0517078",0
"0515361",0
"0515528",0
"0515650",0
"0518241",0
"0518415",0
"0518530",8
"0518712",0
"0518894",0
"0516658",0
"0516831",0
"0515239",0
"0513374",0
"0517847",0
"0516062",0
"0516195",0
"0516344",0
"0516484",0
"0514711",0
"0514851",8
"0514976",0
"0515098",8
"0513192",0
"0515825",0
"0515965",0
"0514315",0
"0514422",0
"0514562",0
"0512616",0
"0512723",0
"0512871",0
"0512988",0
"0513101",0
"0511469",8
"0513861",0
"0514026",0
"0512400",0
"0512533",8
"0510792",0
"0510909",0
"0511022",0
"0511154",0
"0511543",0
"0513606",0
"0513796",0
"0512202",0
"0510578",0
"0508887",8
"0509042",0
"0509232",0
"0509349",0
"0511568",8
"0511691",0
"0511824",0
"0511972",8
"0508739",8
"0506774",0
"0506923",0
"0507251",0
"0509703",0
"0509869",0
"0509984",0
"0510107",0
"0510255",0
"0510370",0
"0508630",0
"0505750",0
"0504746",0
"0509463",0
"0599076",8
"0599738",0
"0596593",8
"0502419",0
"0502575",0
"0500041",0
"0500173",0
"0501320",0
"0501593",0
"0594952",8
"0596254",8
"0502740",0
"0502856",0
"0503003",0
"0503136",8
"0503243",0
"0503417",0
"0503573",0
"0501742",0
"0502088",0
"0502211",8
"0504944",0
"0505073",0
"0505313",0
"0505529",0
"0505669",0
"0503714",0
"0503821",0
"0503953",0
"0504266",0
"0504423",0
"0504548",0
"0507368",0
"0507533",0
"0507665",0
"0505818",8
"0505933",8
"0506063",8
"0568089",0
"0589135",0
"0589150",0
"0548826",8
"0539411",0
"0547109",0
"0547232",0
"0545236",0
"0545384",0
"0545541",0
"0543512",0
"0543637",0
"0546713",0
"0546820",0
"0544494",0
"0544882",0
"0545053",0
"0543165",0
"0543280",8
"0543413",8
"0546374",0
"0546564",0
"0544189",0
"0544338",8
"0542811",0
"0542936",0
"0543058",0
"0541359",0
"0543777",0
"0543942",0
"0542092",8
"0542258",0
"0542399",0
"0542563",0
"0554030",0
"0530824",0
"0530949",0
"0529222",0
"0529339",0
"0529941",0
"0528349",0
"0528489",0
"0528596",0
"0528737",8
"0540823",0
"0541078",8
"0541201",0
"0541797",0
"0541961",0
"0539981",8
"0540120",0
"0540294",8
"0540450",0
"0540583",8
"0540724",0
"0539189",0
"0539338",0
"0538124",8
"0538249",8
"0538371",0
"0538538",0
"0538652",0
"0538769",8
"0538892",0
"0541565",0
"0539874",0
"0539718",0
"0536326",0
"0536474",0
"0536615",8
"0536755",8
"0536888",0
"0537084",8
"0523381",0
"0539676",0
"0537845",0
"0589242",0
"0589275",0
"0589283",8
"0589366",8
"0589481",8
"0589531",8
"0589549",8
"0589556",8
"0589572",8
"0589580",8
"0589598",8
"0589606",8
"0589614",8
"0589622",8
"0589630",8
"0589648",8
"0589655",8
"0589663",8
"0589671",8
"0589689",8
"0589721",8
"0589754",0
"0589762",0
"0589770",0
"0589804",0
"0589820",0
"0589846",0
"0589853",0
"0589861",0
"0589879",0
"0589911",0
"0589945",0
"0589960",0
"0589986",0
"0590471",0
"0590489",0
"0590745",0
"0590778",0
"0590828",8
"0590869",0
"0590877",0
"0590885",0
"0590893",0
"0590984",0
"0591057",0
"0591065",0
"0591172",0
"0591180",0
"0591214",0
"0591255",0
"0592808",0
"0592907",8
"0592923",8
"0592949",8
"0592964",0
"0593004",0
"0593053",0
"0593145",0
"0593152",0
"0593186",0
"0593400",0
"0593418",0
"0593434",0
"0593467",0
"0592931",8
"0592998",0
"0593087",0
"0593095",0
"0593178",0
"0593426",0
"0590570",0
"0590604",0
"0590703",0
"0590737",0
"0590752",0
"0590760",0
"0589291",8
"0589457",8
"0589473",8
"0589499",8
"0589564",8
"0589812",0
"0589937",0
"0589994",0
"0590430",0
"0590455",0
"0590463",0
"0590539",0
"0590596",0
"0590661",0
"0590695",0
"0590729",0
"0590786",0
"0590802",0
"0590810",8
"0591073",0
"0591081",0
"0591107",0
"0591115",0
"0591123",0
"0591131",0
"0591149",0
"0591156",0
"0591164",0
"0591198",0
"0591263",0
"0592840",0
"0592873",0
"0592881",0
"0592899",0
"0592360",0
"0589713",8
"0590935",0
"0590950",0
"0590968",0
"0591024",0
"0591040",0
"0592469",0
"0592709",0
"0592717",0
"0592725",0
"0592733",0
"0592758",0
"0592766",0
"0592774",0
"0592782",0
"0592832",0
"0593103",0
"0593111",0
"0589523",8
"0594028",0
